"Aplicativo","VersaoListada","VersaoMinimaBanco","Categoria","CarregadoEm","CarregadoPor","StatusProducao","EnviadoProducaoEm","EnviadoProducaoPor","OQueMudou","Fonte"
"SERVIDOR.ZIP","15/09/2026 12:12:42","291","VPN","15/09/2026 12:13:13","WILSON WEBER","Nao confirmado","","","Adicionado Upds 293,294,295, 295R | No sw.exe upd  (mouse botao direito no botao aplicar, adicionado funcao manual de Reset estoque novo)","Portal Gerencial Weber - historico beta SERVIDOR.ZIP"
"SERVIDOR.ZIP","10/09/2026 18:30:06","291","VPN","10/09/2026 18:31:09","WILSON WEBER","Producao confirmada","14/09/2026 08:58:23","FRANCISCO SCHWARZ MORAES","Atualizado e substituido os upds 234,249,250","Portal Gerencial Weber - historico beta SERVIDOR.ZIP"
"SERVIDOR.ZIP","09/09/2026 17:38:00","291","VPN","09/09/2026 17:38:24","WILSON WEBER","Nao confirmado","","","Adicionado UPD_292, Correcao de lentidao, Cria Indices","Portal Gerencial Weber - historico beta SERVIDOR.ZIP"
"SERVIDOR.ZIP","08/09/2026 13:34:40","291","VPN","08/09/2026 13:36:53","WILSON WEBER","Nao confirmado","","","Ajustado API da listagem do fechamneto Mapa","Portal Gerencial Weber - historico beta SERVIDOR.ZIP"
"SERVIDOR.ZIP","02/09/2026 17:13:24","291","VPN","02/09/2026 17:14:00","WILSON WEBER","Producao confirmada","03/09/2026 17:59:23","FRANCISCO SCHWARZ MORAES","Adicionado os UPDs  230 ate 291 referente estoque novo","Portal Gerencial Weber - historico beta SERVIDOR.ZIP"
"SERVIDOR.ZIP","31/08/2026 10:53:31","228","VPN","31/08/2026 10:54:26","WILSON WEBER","Nao confirmado","","","Adicionado UPD_229 referente notificacao do comunica PDV","Portal Gerencial Weber - historico beta SERVIDOR.ZIP"
"SERVIDOR.ZIP","26/08/2026 18:59:47","219","VPN","26/08/2026 19:00:20","WILSON WEBER","Nao confirmado","","","Adicionado o UPD_228","Portal Gerencial Weber - historico beta SERVIDOR.ZIP"
"SERVIDOR.ZIP","19/08/2026 14:44:48","219","VPN","19/08/2026 14:45:21","WILSON WEBER","Nao confirmado","","","2174 -  No PDV quando consultava o X-MAPA o ServerNFE não estava considerando a Hora.","Portal Gerencial Weber - historico beta SERVIDOR.ZIP"
"SERVIDOR.ZIP","18/08/2026 14:37:58","219","VPN","18/08/2026 14:38:31","WILSON WEBER","Nao confirmado","","","Recompilado pacote. ajustado erro no upd_227","Portal Gerencial Weber - historico beta SERVIDOR.ZIP"
"SERVIDOR.ZIP","18/08/2026 13:35:14","219","VPN","18/08/2026 13:35:39","WILSON WEBER","Nao confirmado","","","adicionado upd_227 | ajustado para danfe simplificada, para quando cStat 120  Autorizado o uso da NF-e com Alerta, Retorna Msg de Alerta. | Obs: Atualizar ecf_ws.zip e servidor.zip","Portal Gerencial Weber - historico beta SERVIDOR.ZIP"
"SERVIDOR.ZIP","14/08/2026 11:36:16","219","VPN","14/08/2026 11:37:09","WILSON WEBER","Nao confirmado","","","Retirado excecao no sequencia.ib qdo atingir o limite de alter Table","Portal Gerencial Weber - historico beta SERVIDOR.ZIP"
"SERVIDOR.ZIP","13/08/2026 13:52:08","219","VPN","13/08/2026 13:53:14","WILSON WEBER","Nao confirmado","","","Adicionado UPD_226  com correção de juros/multa no ServerNFe","Portal Gerencial Weber - historico beta SERVIDOR.ZIP"
"SERVIDOR.ZIP","12/08/2026 14:03:05","219","VPN","12/08/2026 14:03:33","WILSON WEBER","Nao confirmado","","","Adicionado UPDs_222,223,224,225","Portal Gerencial Weber - historico beta SERVIDOR.ZIP"
"SERVIDOR.ZIP","10/08/2026 18:15:40","219","VPN","10/08/2026 18:16:28","WILSON WEBER","Nao confirmado","","","Ajustado para venda NFCe e DanfeSimplificada no PDV a gravacao na tabela PV_ATEND  para o pre-venda | Adicionado Upd_221","Portal Gerencial Weber - historico beta SERVIDOR.ZIP"
"SERVIDOR.ZIP","06/08/2026 12:01:50","219","VPN","06/08/2026 12:03:03","WILSON WEBER","Nao confirmado","","","Retornado para tpimp=3 para danfe simplificada e adicionada a tag PISST + dthr saida","Portal Gerencial Weber - historico beta SERVIDOR.ZIP"
"SERVIDOR.ZIP","05/08/2026 18:28:16","219","VPN","05/08/2026 18:29:47","WILSON WEBER","Nao confirmado","","","Ajustes no XML para danfe simplificada | tpimp = 6 | Removido tag data e hora saida | Removido tag PISST","Portal Gerencial Weber - historico beta SERVIDOR.ZIP"
"SERVIDOR.ZIP","03/08/2026 19:39:36","219","VPN","03/08/2026 19:40:51","WILSON WEBER","Nao confirmado","","","* - Implementada danfe simplificada para poder ficar pendente caso ocorra erro de comuinicacao com se-faz | * - Adicionado upd_220 entrada em Y | * - Adicionado a Mensagem quando item faz faz parte da lei complementar ""Operação sujeita ao disposto na LC n° 224 de 2025""","Portal Gerencial Weber - historico beta SERVIDOR.ZIP"
"SERVIDOR.ZIP","29/07/2026 08:07:19","219","VPN","29/07/2026 08:08:08","WILSON WEBER","Nao confirmado","","","Adicionado apllication.process no formulario das contingencias que dava a sensacao de travado e demora na resposta do clique.","Portal Gerencial Weber - historico beta SERVIDOR.ZIP"
"SERVIDOR.ZIP","28/07/2026 18:33:50","219","VPN","28/07/2026 18:34:20","WILSON WEBER","Nao confirmado","","","* - Ajustado erro Danfe simplificada IBS_VLR_TOTAL | * - Foi criado uma segunda Conexao semente Leitura. Para as tabelas que so fazem consulta, como clientes, produtos,configuracoes e etc. Para diminuir as chances de deadLock | * - ServerNfe Travando no envio de contingencias. Adicionado um refresh na Tela. Me parece ser apenas atualizacao do Paint da tela. | * - O ideal seria fazer esta rotina em Thread. | obs:Qdo quiser cancelar o envio, clicar algumas vezes no Botao Parar Servidor ou Cancelar. Vai responder entre um e outro envio","Portal Gerencial Weber - historico beta SERVIDOR.ZIP"
"SERVIDOR.ZIP","28/07/2026 13:17:21","184","VPN","28/07/2026 13:17:52","WILSON WEBER","Nao confirmado","","","Adicionado UPD_219 entrada em Y | Ajustado erro Danfe simplificada IBS_VLR_TOTAL","Portal Gerencial Weber - historico beta SERVIDOR.ZIP"
"SERVIDOR.ZIP","22/07/2026 08:31:59","184","VPN","22/07/2026 08:33:36","WILSON WEBER","Nao confirmado","","","Nao estava compativel com ecf_ws mais antigos, ficava tudo e contingencia. Devido funoes do pre-venda e estoque novo","Portal Gerencial Weber - historico beta SERVIDOR.ZIP"
"SERVIDOR.ZIP","16/07/2026 10:31:53","184","VPN","16/07/2026 10:32:22","WILSON WEBER","Producao confirmada","16/07/2026 17:57:32","FRANCISCO SCHWARZ MORAES","Ajustado na emissao Danfe para gravar LC_224_2025 (S/N) da est_produtos na NF_NOTA2 e PDV_MAPAI | Adicionado a gravacao do Valor Desconto na nf_nota2","Portal Gerencial Weber - historico beta SERVIDOR.ZIP"
"SERVIDOR.ZIP","08/07/2026 14:04:31","184","VPN","08/07/2026 14:05:00","WILSON WEBER","Nao confirmado","","","Ajustado erro que nao estava enviando contingencia que erra importado manualmente","Portal Gerencial Weber - historico beta SERVIDOR.ZIP"
"SERVIDOR.ZIP","07/07/2026 14:56:35","184","VPN","07/07/2026 14:56:55","WILSON WEBER","Nao confirmado","","","Ajustado função ""envio do cupom apenas para o MAPA""","Portal Gerencial Weber - historico beta SERVIDOR.ZIP"
"SERVIDOR.ZIP","23/06/2026 12:38:12","184","VPN","23/06/2026 12:38:56","WILSON WEBER","Nao confirmado","","","Adicionado UPD_217 e 218 referente entrada Notas em Y","Portal Gerencial Weber - historico beta SERVIDOR.ZIP"
"SERVIDOR.ZIP","18/06/2026 17:29:44","184","VPN","18/06/2026 17:30:23","WILSON WEBER","Nao confirmado","","","Adicionado UPD_215 e 216","Portal Gerencial Weber - historico beta SERVIDOR.ZIP"
"SERVIDOR.ZIP","15/06/2026 18:55:11","184","VPN","15/06/2026 18:55:40","WILSON WEBER","Nao confirmado","","","Adicionado upd_211,212,213,214","Portal Gerencial Weber - historico beta SERVIDOR.ZIP"
"SERVIDOR.ZIP","08/06/2026 09:11:01","184","VPN","08/06/2026 09:11:37","WILSON WEBER","Nao confirmado","","","SW.EXE estava com compilação errada, subido servidor.zip novamente","Portal Gerencial Weber - historico beta SERVIDOR.ZIP"
"SERVIDOR.ZIP","05/06/2026 15:41:42","184","VPN","05/06/2026 15:42:12","WILSON WEBER","Nao confirmado","","","Ajustado erro quando vendia item com FCP","Portal Gerencial Weber - historico beta SERVIDOR.ZIP"
"SERVIDOR.ZIP","03/06/2026 18:06:20","184","VPN","03/06/2026 18:07:11","WILSON WEBER","Nao confirmado","","","Ajustes para o estoque novo","Portal Gerencial Weber - historico beta SERVIDOR.ZIP"
"SERVIDOR.ZIP","01/06/2026 12:24:08","184","VPN","01/06/2026 12:25:03","WILSON WEBER","Nao confirmado","","","adicionado o  UPD_210 | Ajustado Vínculo de vendedor em DANFE simplificada vindo do PDV","Portal Gerencial Weber - historico beta SERVIDOR.ZIP"
"SERVIDOR.ZIP","22/05/2026 16:47:16","184","VPN","22/05/2026 16:47:26","WILSON WEBER","Producao confirmada","25/05/2026 10:25:40","FRANCISCO SCHWARZ MORAES","Ajustado para diferenciar Danfe simplificada com ou sem convenio | Obs:atualizar servidor.zip e ecf_ws.zip","Portal Gerencial Weber - historico beta SERVIDOR.ZIP"
"SERVIDOR.ZIP","18/05/2026 14:53:34","184","VPN","18/05/2026 14:53:55","WILSON WEBER","Producao confirmada","18/05/2026 17:20:27","FRANCISCO SCHWARZ MORAES","Adicionado o UPD_209","Portal Gerencial Weber - historico beta SERVIDOR.ZIP"
"SERVIDOR.ZIP","15/05/2026 17:04:01","184","VPN","15/05/2026 17:04:09","WILSON WEBER","Nao confirmado","","","Ajustado para aceitar cancelamento de PDO","Portal Gerencial Weber - historico beta SERVIDOR.ZIP"
"SERVIDOR.ZIP","14/05/2026 11:59:03","184","VPN","14/05/2026 11:59:10","WILSON WEBER","Producao confirmada","15/05/2026 09:46:59","FRANCISCO SCHWARZ MORAES","Adicionado o UPD_208 para criar tabelas ultimas vendas","Portal Gerencial Weber - historico beta SERVIDOR.ZIP"
"SERVIDOR.ZIP","12/05/2026 13:27:04","184","VPN","12/05/2026 13:27:23","WILSON WEBER","Producao confirmada","12/05/2026 13:55:57","FRANCISCO SCHWARZ MORAES","Feito correcoes no UPD_207","Portal Gerencial Weber - historico beta SERVIDOR.ZIP"
"SERVIDOR.ZIP","11/05/2026 17:23:43","184","VPN","11/05/2026 17:24:05","WILSON WEBER","Producao confirmada","12/05/2026 10:39:43","FRANCISCO SCHWARZ MORAES","Adicionado UPD_207 referente danfe simplificada e Dias_prazo_entrega","Portal Gerencial Weber - historico beta SERVIDOR.ZIP"
"SERVIDOR.ZIP","08/05/2026 09:36:46","184","VPN","08/05/2026 09:37:24","WILSON WEBER","Producao confirmada","08/05/2026 17:24:10","FRANCISCO SCHWARZ MORAES","Ajustado para gravar cliente novo na danfe simplificada","Portal Gerencial Weber - historico beta SERVIDOR.ZIP"
"SERVIDOR.ZIP","06/05/2026 15:12:32","184","VPN","06/05/2026 15:12:59","WILSON WEBER","Producao confirmada","06/05/2026 15:54:16","FRANCISCO SCHWARZ MORAES","Danfe simplificada estava gravando com NFe na frente da chave. Removido","Portal Gerencial Weber - historico beta SERVIDOR.ZIP"
"SERVIDOR.ZIP																			Inativa","06/05/2026 14:00:47","184","VPN","06/05/2026 14:01:12","WILSON WEBER","Nao confirmado","","","Danfe simplificada estava gravando com NFe na frente da chave. Removido","Portal Gerencial Weber - historico beta SERVIDOR.ZIP																			Inativa"
"SERVIDOR.ZIP","06/05/2026 12:52:27","184","VPN","06/05/2026 12:52:58","WILSON WEBER","Nao confirmado","","","Ajustado erro quando Cancelava NFce","Portal Gerencial Weber - historico beta SERVIDOR.ZIP"
"SERVIDOR.ZIP","05/05/2026 16:43:58","184","VPN","05/05/2026 16:44:24","WILSON WEBER","Producao confirmada","05/05/2026 17:48:37","FRANCISCO SCHWARZ MORAES","Danfe simplificada estava emitindo como homologacao","Portal Gerencial Weber - historico beta SERVIDOR.ZIP"
"SERVIDOR.ZIP","04/05/2026 19:12:51","184","VPN","04/05/2026 19:14:55","WILSON WEBER","Producao confirmada","05/05/2026 11:55:30","FRANCISCO SCHWARZ MORAES","Ajustado Bug quando havia mais de uma transacao TEF dava erro","Portal Gerencial Weber - historico beta SERVIDOR.ZIP"
"SERVIDOR.ZIP","30/04/2026 08:05:00","184","VPN","30/04/2026 08:05:34","WILSON WEBER","Producao confirmada","04/05/2026 08:39:06","FRANCISCO SCHWARZ MORAES","Adicionado criacao de indice no upd_195 | Ajustado roboxml que estava com conexao local","Portal Gerencial Weber - historico beta SERVIDOR.ZIP"
"SERVIDOR.ZIP","29/04/2026 17:49:16","184","VPN","29/04/2026 17:49:56","WILSON WEBER","Nao confirmado","","","Ajustado BUG no atualiza registro estava sem o caminho da nova conexao Auto_Comit","Portal Gerencial Weber - historico beta SERVIDOR.ZIP"
"SERVIDOR.ZIP","29/04/2026 10:25:22","184","VPN","29/04/2026 10:26:11","WILSON WEBER","Nao confirmado","","","Fechamento de caixa, Danfe Simplificada, agora grava o Numero do pdv","Portal Gerencial Weber - historico beta SERVIDOR.ZIP"
"SERVIDOR.ZIP																			Inativa","28/04/2026 18:58:29","184","VPN","28/04/2026 18:58:46","WILSON WEBER","Nao confirmado","","","Fechamento de caixa, Danfe Simplificada, agora grava o Numero do pdv","Portal Gerencial Weber - historico beta SERVIDOR.ZIP																			Inativa"
"SERVIDOR.ZIP","27/04/2026 08:59:39","184","VPN","27/04/2026 09:00:19","WILSON WEBER","Nao confirmado","","","Incluido para considerar Danfe Simplificada no Fechamento X-MAPA.","Portal Gerencial Weber - historico beta SERVIDOR.ZIP"
"SERVIDOR.ZIP","24/04/2026 13:09:59","184","VPN","24/04/2026 13:10:25","WILSON WEBER","Nao confirmado","","","Adicionado a gravacao do frete e acrescimo no Mapa","Portal Gerencial Weber - historico beta SERVIDOR.ZIP"
"SERVIDOR.ZIP","22/04/2026 18:46:34","184","VPN","22/04/2026 18:47:03","WILSON WEBER","Nao confirmado","","","Retirado a Mensagem de Aviso da nova maneira de gravar NFCe no Mapa. | == | Obs: Ter cuidado e acompanhar em clientes beta, para verificar se não ficou nem um BUG | ==","Portal Gerencial Weber - historico beta SERVIDOR.ZIP"
"SERVIDOR.ZIP","20/04/2026 09:41:07","184","VPN","20/04/2026 09:41:30","WILSON WEBER","Nao confirmado","","","Estoque novo na Danfe simplificado(variacao e lote) | Incluido pre-venda na Danfe simplificada","Portal Gerencial Weber - historico beta SERVIDOR.ZIP"
"SERVIDOR.ZIP","17/04/2026 11:51:35","184","VPN","17/04/2026 11:52:20","WILSON WEBER","Nao confirmado","","","Duplicidade grava em contingencia na NFCe na nova rotina","Portal Gerencial Weber - historico beta SERVIDOR.ZIP"
"SERVIDOR.ZIP","17/04/2026 04:37:31","184","VPN","17/04/2026 04:38:15","WILSON WEBER","Nao confirmado","","","adicionado upd_203,204 | Corrigido erro de ponteiro na comunicacao com pdv","Portal Gerencial Weber - historico beta SERVIDOR.ZIP"
"SERVIDOR.ZIP","15/04/2026 11:26:55","184","VPN","15/04/2026 11:27:16","WILSON WEBER","Nao confirmado","","","Criado UPD_197,198,199,200,201,202 | Incluido o Calculo de Multas","Portal Gerencial Weber - historico beta SERVIDOR.ZIP"
"SERVIDOR.ZIP																			Inativa","15/04/2026 08:53:21","184","VPN","15/04/2026 08:54:06","WILSON WEBER","Nao confirmado","","","Criado UPD_197,198,199,200,201,202 | Incluido o Calculo de Multas","Portal Gerencial Weber - historico beta SERVIDOR.ZIP																			Inativa"
"SERVIDOR.ZIP																			Inativa","14/04/2026 18:21:59","184","VPN","14/04/2026 18:22:35","WILSON WEBER","Nao confirmado","","","Criado UPD_197,198,199,200,201,202 | Incluido o Calculo de Multas","Portal Gerencial Weber - historico beta SERVIDOR.ZIP																			Inativa"
"SERVIDOR.ZIP","13/04/2026 15:13:31","184","VPN","13/04/2026 15:14:27","WILSON WEBER","Nao confirmado","","","Ajustado para gravar no pdv_mapai lote,variacao e local,  Obs: so funciona se chamar servernfe.exe NOVO,","Portal Gerencial Weber - historico beta SERVIDOR.ZIP"
"SERVIDOR.ZIP","08/04/2026 17:38:23","184","VPN","08/04/2026 17:38:39","WILSON WEBER","Nao confirmado","","","Feito correcoes no UPD_192","Portal Gerencial Weber - historico beta SERVIDOR.ZIP"
"SERVIDOR.ZIP","07/04/2026 14:46:56","184","VPN","07/04/2026 14:47:14","WILSON WEBER","Nao confirmado","","","Correcao do UPD_193, dava erro no Firebird 2.5","Portal Gerencial Weber - historico beta SERVIDOR.ZIP"
"SERVIDOR.ZIP","06/04/2026 15:06:40","184","VPN","06/04/2026 15:07:44","WILSON WEBER","Nao confirmado","","","Adicionado UPD_193,194,195,196","Portal Gerencial Weber - historico beta SERVIDOR.ZIP"
"SERVIDOR.ZIP","27/03/2026 18:01:07","184","VPN","27/03/2026 18:01:53","WILSON WEBER","Nao confirmado","","","Adicionado UPD_192.sql","Portal Gerencial Weber - historico beta SERVIDOR.ZIP"
"SERVIDOR.ZIP","25/03/2026 19:14:50","184","VPN","25/03/2026 19:15:25","WILSON WEBER","Nao confirmado","","","* - Calculo da Multa no Contas Receber Antigo Sobre o Valor Original do Documento | * - Substituido UPD_189 | * - Adicionado UPD_191","Portal Gerencial Weber - historico beta SERVIDOR.ZIP"
"SERVIDOR.ZIP","20/03/2026 07:15:32","184","VPN","20/03/2026 07:16:07","WILSON WEBER","Nao confirmado","","","* - Adicionado upd_190 | * - Corrigido erro na Chamada de notificacoes","Portal Gerencial Weber - historico beta SERVIDOR.ZIP"
"SERVIDOR.ZIP","15/03/2026 20:21:09","184","VPN","15/03/2026 20:21:56","WILSON WEBER","Nao confirmado","","","* - A cada 60 segundos chama dll de notificacoes | * - ajustado upd_187 | * - Adicionado upd_188 | * - Adicionado upd_189 | * Produto 131 - Hab.Cresce Vendas, adicionado no atualiza registro para setar flag tabela LOJA","Portal Gerencial Weber - historico beta SERVIDOR.ZIP"
"SERVIDOR.ZIP																			Inativa","12/03/2026 23:39:12","184","VPN","13/03/2026 00:41:46","WILSON WEBER","Nao confirmado","","","* - A cada 60 segundos chama dll de notificacoes | * - ajustado upd_187 | * - Adicionado upd_188 | * Produto 131 - Hab.Cresce Vendas, adicionado no atualiza registro. | ===Obs:Beta,somente para testes | 237 - ServerNfe deverá gravar no BD a movimentação mesmo que ocorra erro de comunicação com o Sefaz | Primeira versao de teste. OBS: Regras cbs e ibs devem ser retestadas novamente.","Portal Gerencial Weber - historico beta SERVIDOR.ZIP																			Inativa"
"SERVIDOR.ZIP","06/03/2026 19:48:41","184","VPN","06/03/2026 21:48:50","WILSON WEBER","Nao confirmado","","","upd_187 ajustes para o compras novo | melhorias no calculo de juros do contas a receber","Portal Gerencial Weber - historico beta SERVIDOR.ZIP"
"SERVIDOR.ZIP","26/02/2026 20:27:04","184","VPN","26/02/2026 22:28:50","WILSON WEBER","Nao confirmado","","","Adicionado UPD_186 | Adicionado campo que faltava na tabela meio_pgto","Portal Gerencial Weber - historico beta SERVIDOR.ZIP"
"SERVIDOR.ZIP","24/02/2026 21:48:23","184","VPN","24/02/2026 21:49:28","WILSON WEBER","Nao confirmado","","","desfeito , promoces tipo 10,11 nao scantech, considera novamente","Portal Gerencial Weber - historico beta SERVIDOR.ZIP"
"SERVIDOR.ZIP","24/02/2026 10:41:35","184","VPN","24/02/2026 10:42:27","WILSON WEBER","Nao confirmado","","","Adicionado UPD_185.sql","Portal Gerencial Weber - historico beta SERVIDOR.ZIP"
"SERVIDOR.ZIP","19/02/2026 16:34:40","184","VPN","19/02/2026 16:35:35","WILSON WEBER","Nao confirmado","","","Ajustado BUG Danfe simplificada,BC_FCP","Portal Gerencial Weber - historico beta SERVIDOR.ZIP"
"SERVIDOR.ZIP","18/02/2026 17:55:28","184","VPN","18/02/2026 17:55:31","WILSON WEBER","Nao confirmado","","","Ajustado Bug quando item ST na danfe simplificada","Portal Gerencial Weber - historico beta SERVIDOR.ZIP"
"SERVIDOR.ZIP","17/02/2026 22:10:53","184","VPN","17/02/2026 22:11:49","WILSON WEBER","Nao confirmado","","","Adicionado o Envio da Danfe Simplificada para Receita + ajuste de erro no XML","Portal Gerencial Weber - historico beta SERVIDOR.ZIP"
"SERVIDOR.ZIP","16/02/2026 10:00:01","184","VPN","16/02/2026 10:00:47","WILSON WEBER","Nao confirmado","","","* - Adicionado UPD_184 | * - Grava tabelas e gera xml assinado da danfe siplificada | * - Obs: Configurar a Mesma em Manutencao PDV aba Parametros2","Portal Gerencial Weber - historico beta SERVIDOR.ZIP"
"SERVIDOR.ZIP","11/02/2026 16:37:43","180","VPN","11/02/2026 16:40:34","WILSON WEBER","Nao confirmado","","","* Adicionado UPD_183, Ajustes Base para o estoque novo | * Comunica PDV Envia Tabela Variacoes no estoque novo em comunica PDV | * Danfe simplifica ja Grava Tabelas NF_NOTA1 e NF_NOTA2 e ja monta uma previa do XML","Portal Gerencial Weber - historico beta SERVIDOR.ZIP"
"SERVIDOR.ZIP","02/02/2026 10:58:18","180","VPN","02/02/2026 10:58:38","WILSON WEBER","Nao confirmado","","","Ajustado para sincronizar a flag do estoque novo pelo Portal","Portal Gerencial Weber - historico beta SERVIDOR.ZIP"
"SERVIDOR.ZIP","29/01/2026 21:33:11","180","VPN","29/01/2026 21:34:52","WILSON WEBER","Nao confirmado","","","Primeira Versao de teste para o estoque novo | Adicionado UPD_182, Criacao de campos Basicos iniciais para o estoque novo","Portal Gerencial Weber - historico beta SERVIDOR.ZIP"
"SERVIDOR.ZIP","23/01/2026 13:18:13","180","VPN","23/01/2026 13:19:00","WILSON WEBER","Nao confirmado","","","Correcao no UPD_133 | Desabilidado o Memory leak","Portal Gerencial Weber - historico beta SERVIDOR.ZIP"
"SERVIDOR.ZIP","20/01/2026 12:57:43","180","VPN","20/01/2026 12:58:32","WILSON WEBER","Nao confirmado","","","*Erro de CBS negativo que está ocorrendo, foi Ajustado o calculo da BC do cbs_ibs | *Criado uma  FLAG no Form Empresa (Tabela loja Campo ENVIA_CBS_IBS) | onde se marca se deve ou não enviar o CBS_IBS | *Adicionado o UPD_181 para criar o campo da Flag.","Portal Gerencial Weber - historico beta SERVIDOR.ZIP"
"SERVIDOR.ZIP","12/01/2026 01:40:10","180","VPN","12/01/2026 01:40:32","WILSON WEBER","Nao confirmado","","","Nas mensagens de erro do cbs_ibs foi adicionado o codigo do produto em questao | Agora so faz os calculos IBS_CBS para o Regime Normal, desconsiderando outros regimes. Se baseando no regime cadastrado na tabela Loja do form Empresa","Portal Gerencial Weber - historico beta SERVIDOR.ZIP"
"SERVIDOR.ZIP","09/01/2026 16:25:26","180","VPN","09/01/2026 16:25:37","WILSON WEBER","Producao confirmada","14/01/2026 10:12:35","FRANCISCO SCHWARZ MORAES","Adicionado UPD_180.sql","Portal Gerencial Weber - historico beta SERVIDOR.ZIP"
"SERVIDOR.ZIP","06/01/2026 12:46:12","N/A","VPN","06/01/2026 12:46:33","WILSON WEBER","Producao confirmada","07/01/2026 10:19:03","FRANCISCO SCHWARZ MORAES","Ajustado Calculo da BC do CBS_IBS, estava subtraindo 2 vezes o Vlr do PIS","Portal Gerencial Weber - historico beta SERVIDOR.ZIP"
"SERVIDOR.ZIP																			Inativa","06/01/2026 12:02:02","N/A","VPN","06/01/2026 12:02:25","WILSON WEBER","Nao confirmado","","","Ajustado Calculo da BC do CBS_IBS","Portal Gerencial Weber - historico beta SERVIDOR.ZIP																			Inativa"
"SERVIDOR.ZIP","29/12/2025 13:37:43","N/A","VPN","29/12/2025 13:37:50","WILSON WEBER","Producao confirmada","30/12/2025 15:07:50","JEFERSON DA ROSA","Retirado mais uma mensagem de rastreio","Portal Gerencial Weber - historico beta SERVIDOR.ZIP"
"SERVIDOR.ZIP","26/12/2025 16:54:08","N/A","VPN","26/12/2025 16:54:51","WILSON WEBER","Nao confirmado","","","Ajustado Bug que nao estava gravando a nova data. | Quando troca de data para o serverNFE, fecha e chama novamente","Portal Gerencial Weber - historico beta SERVIDOR.ZIP"
"SERVIDOR.ZIP																			Inativa","26/12/2025 16:06:12","N/A","VPN","26/12/2025 16:07:00","WILSON WEBER","Nao confirmado","","","Ajustado Bug que nao estava gravando a nova data. | Quando troca de data para o serverNFE, fecha e chama novamente","Portal Gerencial Weber - historico beta SERVIDOR.ZIP																			Inativa"
"SERVIDOR.ZIP","20/12/2025 10:00:55","N/A","VPN","20/12/2025 10:01:25","WILSON WEBER","Producao confirmada","22/12/2025 08:29:08","JEFERSON DA ROSA","Ajustado CST quando lucro real, pois imendes nao envia mais","Portal Gerencial Weber - historico beta SERVIDOR.ZIP"
"SERVIDOR.ZIP","19/12/2025 14:15:09","N/A","VPN","19/12/2025 14:15:12","WILSON WEBER","Nao confirmado","","","Ajustado erro do CSON no Simples","Portal Gerencial Weber - historico beta SERVIDOR.ZIP"
"SERVIDOR.ZIP","19/12/2025 09:48:53","N/A","VPN","19/12/2025 09:48:55","WILSON WEBER","Nao confirmado","","","Adicionado UPD_179.sql","Portal Gerencial Weber - historico beta SERVIDOR.ZIP"
"SERVIDOR.ZIP","17/12/2025 12:00:46","N/A","VPN","17/12/2025 12:01:06","WILSON WEBER","Nao confirmado","","","Ajustado regra do Cliente Avulso: | //Codigocliente 0=SemIdentificacao  1=SoCPF,CNPJ ou NFG   2=ClienteAvulso >=10=ClienteCadastrado","Portal Gerencial Weber - historico beta SERVIDOR.ZIP"
"SERVIDOR.ZIP","11/12/2025 15:47:36","N/A","VPN","11/12/2025 15:47:55","WILSON WEBER","Producao confirmada","15/12/2025 08:22:43","FRANCISCO SCHWARZ MORAES","Adicionado UPD_178.sql","Portal Gerencial Weber - historico beta SERVIDOR.ZIP"
"SERVIDOR.ZIP","10/12/2025 17:26:43","N/A","VPN","10/12/2025 17:27:00","WILSON WEBER","Nao confirmado","","","Adicionado UPD_177.sql","Portal Gerencial Weber - historico beta SERVIDOR.ZIP"
"SERVIDOR.ZIP","10/12/2025 11:08:51","N/A","VPN","10/12/2025 11:09:06","WILSON WEBER","Nao confirmado","","","Ajustado sw para nova estrutura,ainda estava criando a pasta TEMP dentro do log","Portal Gerencial Weber - historico beta SERVIDOR.ZIP"
"SERVIDOR.ZIP","10/12/2025 10:04:19","N/A","VPN","10/12/2025 10:04:35","WILSON WEBER","Nao confirmado","","","Adicionado UPD_176 com correcao","Portal Gerencial Weber - historico beta SERVIDOR.ZIP"
"SERVIDOR.ZIP																			Inativa","10/12/2025 09:30:42","N/A","VPN","10/12/2025 09:31:07","WILSON WEBER","Nao confirmado","","","Adicionado UPD_176.sql","Portal Gerencial Weber - historico beta SERVIDOR.ZIP																			Inativa"
"SERVIDOR.ZIP","09/12/2025 15:53:14","N/A","VPN","09/12/2025 15:54:15","WILSON WEBER","Nao confirmado","","","Corrigido erro no sql do comunica-PDV lista de produtos","Portal Gerencial Weber - historico beta SERVIDOR.ZIP"
"SERVIDOR.ZIP","09/12/2025 13:34:37","N/A","VPN","09/12/2025 13:34:55","WILSON WEBER","Nao confirmado","","","Adicionado UPD_175.SQL","Portal Gerencial Weber - historico beta SERVIDOR.ZIP"
"SERVIDOR.ZIP","05/12/2025 15:30:58","N/A","VPN","05/12/2025 15:31:04","WILSON WEBER","Nao confirmado","","","Adicionado UPD_173 e UPD_174","Portal Gerencial Weber - historico beta SERVIDOR.ZIP"
"SERVIDOR.ZIP","30/11/2025 22:03:02","N/A","VPN","30/11/2025 22:03:56","WILSON WEBER","Nao confirmado","","","Ajustado IBS, para destinatarios difrentes do Municipo do emitente","Portal Gerencial Weber - historico beta SERVIDOR.ZIP"
"SERVIDOR.ZIP","28/11/2025 13:13:21","N/A","VPN","28/11/2025 13:13:31","WILSON WEBER","Nao confirmado","","","ajustado para qdo tiver codigo de destinatario, ou seja, cliente cadastrado pegar ibs da uf e municipio  do destinatario em vez da loja","Portal Gerencial Weber - historico beta SERVIDOR.ZIP"
"SERVIDOR.ZIP","28/11/2025 08:30:30","N/A","VPN","28/11/2025 08:31:13","WILSON WEBER","Nao confirmado","","","Adicionado gravacao no BD IBS_VLR_TOTAL","Portal Gerencial Weber - historico beta SERVIDOR.ZIP"
"SERVIDOR.ZIP","25/11/2025 11:10:16","N/A","VPN","25/11/2025 11:10:41","WILSON WEBER","Nao confirmado","","","Retirado do xml a tag <dPrevEntrega></dPrevEntrega>","Portal Gerencial Weber - historico beta SERVIDOR.ZIP"
"SERVIDOR.ZIP","24/11/2025 19:10:53","N/A","VPN","24/11/2025 19:11:27","WILSON WEBER","Nao confirmado","","","Qdo base reduzida, no XML estava colocando aliquota Efetiva da UF igual a aliguota reduzida | Adicionado UPD_171 | Gravacao do  ibscbs no bd","Portal Gerencial Weber - historico beta SERVIDOR.ZIP"
"SERVIDOR.ZIP																			Inativa","24/11/2025 19:00:16","N/A","VPN","24/11/2025 19:00:42","WILSON WEBER","Nao confirmado","","","Reforma tributaria, qdo base reduzida, no XML estava colocando aliquota Efetiva da UF igual a aliguota reduzida","Portal Gerencial Weber - historico beta SERVIDOR.ZIP																			Inativa"
"SERVIDOR.ZIP","24/11/2025 13:35:06","N/A","VPN","24/11/2025 13:35:28","WILSON WEBER","Nao confirmado","","","Beta reforma tributaria. | Ajustado calculo da aliquota reduzida","Portal Gerencial Weber - historico beta SERVIDOR.ZIP"
"SERVIDOR.ZIP","21/11/2025 18:54:15","N/A","VPN","21/11/2025 18:54:22","WILSON WEBER","Nao confirmado","","","Versao beta-7 reforma tributaria | Ajustado Bug de arredondamento","Portal Gerencial Weber - historico beta SERVIDOR.ZIP"
"SERVIDOR.ZIP","20/11/2025 20:33:51","N/A","VPN","20/11/2025 20:34:39","WILSON WEBER","Nao confirmado","","","Agora pega na tabela do cst o campo IND_IBS_CBS.  Quando for 'N' Nao monta os valores cbs","Portal Gerencial Weber - historico beta SERVIDOR.ZIP"
"SERVIDOR.ZIP","19/11/2025 11:31:25","N/A","VPN","19/11/2025 11:33:17","WILSON WEBER","Nao confirmado","","","Ajustado para o novo QrCode | Agora ja envia com Sucesso ao SeFaz","Portal Gerencial Weber - historico beta SERVIDOR.ZIP"
"SERVIDOR.ZIP","18/11/2025 19:28:15","N/A","VPN","18/11/2025 19:28:40","WILSON WEBER","Nao confirmado","","","Versao Beta5 da reforma tributaria. | Agora esta gravando dados do CBS_IBS no mapa","Portal Gerencial Weber - historico beta SERVIDOR.ZIP"
"SERVIDOR.ZIP","17/11/2025 14:25:17","N/A","VPN","17/11/2025 14:25:44","WILSON WEBER","Nao confirmado","","","Beta1 CBS_IBS da Reforma Tributaria","Portal Gerencial Weber - historico beta SERVIDOR.ZIP"
"SERVIDOR.ZIP","13/11/2025 12:56:28","N/A","VPN","13/11/2025 12:56:36","WILSON WEBER","Nao confirmado","","","Adicionado UPD_158 a UPD_171 referente reforma tributaria","Portal Gerencial Weber - historico beta SERVIDOR.ZIP"
"SERVIDOR.ZIP","11/11/2025 13:28:42","N/A","VPN","11/11/2025 13:29:03","WILSON WEBER","Nao confirmado","","","* Sincronização das tabelas pelo Servidor não estava funcionando | * Layout NFCe QRCode versão 3 | * Dentro do serverNFE em parametros na aba empresa foi colocado um    CheckBox para marcar se usa nome completo no XML ou Reduzido","Portal Gerencial Weber - historico beta SERVIDOR.ZIP"
"SERVIDOR.ZIP","09/10/2025 23:53:46","N/A","VPN","09/10/2025 23:54:26","WILSON WEBER","Nao confirmado","","","Adicionado UPD_157 | Aprimoramento no Isolamento para evitar Travamento","Portal Gerencial Weber - historico beta SERVIDOR.ZIP"
"SERVIDOR.ZIP","03/10/2025 22:36:53","N/A","VPN","03/10/2025 22:37:26","WILSON WEBER","Nao confirmado","","","Ajustado no Servernfe.exe para Imprimir a descricao completa do produto em vez da resumida na NFCe","Portal Gerencial Weber - historico beta SERVIDOR.ZIP"
"SERVIDOR.ZIP","25/09/2025 17:41:17","N/A","VPN","25/09/2025 17:41:27","WILSON WEBER","Nao confirmado","","","No pdv qdo chama x-mapa pelo servernfe,  Agora vai exibir apenas quando a finalizadora o valor for diferente de zero. | Retirado o Botao de teste (Reiniciar) | Ajustado a nova tabela das variacoes qdo estiver flag para estoque novo. | No calculo de juros do contas a receber so estava fazendo do financeiro novo. Foi ajustado para validar se tem financeiro novo ou antigo","Portal Gerencial Weber - historico beta SERVIDOR.ZIP"
"SERVIDOR.ZIP","09/09/2025 18:01:20","N/A","VPN","09/09/2025 18:01:21","WILSON WEBER","Producao confirmada","10/09/2025 09:18:21","FRANCISCO SCHWARZ MORAES","No pdv qdo chama x-mapa pelo servernfe,  Agora vai exibir apenas quando a finalizadora o valor for diferente de zero. | Retirado o Botao de teste (Reiniciar)","Portal Gerencial Weber - historico beta SERVIDOR.ZIP"
"SERVIDOR.ZIP","08/09/2025 18:31:38","N/A","VPN","08/09/2025 18:31:39","WILSON WEBER","Producao confirmada","09/09/2025 08:56:38","FRANCISCO SCHWARZ MORAES","Adicionado UPD_156,  remove Default das colunas EPPROMOCAI e EPPROMOCAOF tabela  est_precos, que quando clonava, cadastrava produto trazia a data inicio e fim da promoção como data atual.","Portal Gerencial Weber - historico beta SERVIDOR.ZIP"
"SERVIDOR.ZIP","08/09/2025 12:27:23","N/A","VPN","08/09/2025 12:27:24","WILSON WEBER","Producao confirmada","08/09/2025 13:35:25","FRANCISCO SCHWARZ MORAES","Adicionado UPD_155 para criar indices na tabela LOG_PRECO e diminuir tempo do processo de criação do comunica PDV | A meia noite o ServerNfe se fechava e nao abria. Corrijido agora quando troca de data, servernfe faz um“auto-restart”","Portal Gerencial Weber - historico beta SERVIDOR.ZIP"
"SERVIDOR.ZIP","04/09/2025 09:13:21","N/A","VPN","04/09/2025 09:13:22","FRANCISCO SCHWARZ MORAES","Producao confirmada","04/09/2025 09:18:33","FRANCISCO SCHWARZ MORAES","Ajustado para no caso de transações TEF onde o adquirente não retorna o número de autorização utilizar-se o NSU Rede, se não tiver NSU Rede utilizará o NSU.","Portal Gerencial Weber - historico beta SERVIDOR.ZIP"
"SERVIDOR.ZIP","03/09/2025 13:06:34","N/A","VPN","03/09/2025 13:06:35","WILSON WEBER","Nao confirmado","","","Feito melhoramentos no UPD_118 e UPD_82","Portal Gerencial Weber - historico beta SERVIDOR.ZIP"
"SERVIDOR.ZIP","03/09/2025 11:59:56","N/A","VPN","03/09/2025 11:59:57","WILSON WEBER","Nao confirmado","","","94 - Erro de contingencias nas transações com bandeira Banrisul | quando autorizacao vem em branco, assume NSU como autorizacao | Ajustado no comunica PDV que nao estava filtrando a loja no SQL pdv.W63.sql.","Portal Gerencial Weber - historico beta SERVIDOR.ZIP"
"SERVIDOR.ZIP","01/09/2025 18:26:31","N/A","VPN","01/09/2025 18:26:32","WILSON WEBER","Producao confirmada","02/09/2025 08:24:46","FRANCISCO SCHWARZ MORAES","Ajustado erro do PacPdv.  Feito um UpperCase na string que trazia o comando com o nome do arquivo a ser baixado, o que ocasionava erro ""Except ao Baixar Arquivos...HTTP/1.1 404 Not Found""","Portal Gerencial Weber - historico beta SERVIDOR.ZIP"
"SERVIDOR.ZIP","01/09/2025 15:20:49","N/A","VPN","01/09/2025 15:20:50","WILSON WEBER","Producao confirmada","01/09/2025 15:53:43","FRANCISCO SCHWARZ MORAES","Ajustado erro quando startava servernfe sem parametros ou argumentos","Portal Gerencial Weber - historico beta SERVIDOR.ZIP"
"SERVIDOR.ZIP","01/09/2025 12:44:26","N/A","VPN","01/09/2025 12:44:27","WILSON WEBER","Producao confirmada","01/09/2025 14:41:37","FRANCISCO SCHWARZ MORAES","Ajustado Bug quando pdv quer fecha_mapa de todos os usuarios do pdv | Ajustado atualiza Registro que as vezes travava | Ajustado Bug, que disparava o start do serverNFE no SelfShow","Portal Gerencial Weber - historico beta SERVIDOR.ZIP"
"SERVIDOR.ZIP																			Inativa","29/08/2025 18:51:44","N/A","VPN","29/08/2025 18:51:45","WILSON WEBER","Nao confirmado","","","Ajustado Bug quando pdv quer fecha_mapa de todos os usuarios do pdv | Ajustado atualiza Registro que as vezes travava","Portal Gerencial Weber - historico beta SERVIDOR.ZIP																			Inativa"
"SERVIDOR.ZIP																			Inativa","29/08/2025 18:34:10","N/A","VPN","29/08/2025 18:34:11","WILSON WEBER","Nao confirmado","","","Ajustado Bug quando pdv quer fecha_mapa de todos os usuarios do pdv | Ajustado atualiza Registro que as vezes travava","Portal Gerencial Weber - historico beta SERVIDOR.ZIP																			Inativa"
"SERVIDOR.ZIP																			Inativa","28/08/2025 13:36:28","N/A","VPN","28/08/2025 13:36:29","WILSON WEBER","Nao confirmado","","","Ajustado Bug quando pdv quer fecha_mapa de todos os usuarios do pdv | Ajustado atualiza Registro que as vezes travava","Portal Gerencial Weber - historico beta SERVIDOR.ZIP																			Inativa"
"SERVIDOR.ZIP																			Inativa","27/08/2025 19:23:59","N/A","VPN","27/08/2025 19:24:00","WILSON WEBER","Nao confirmado","","","Ajustado Bug quando pdv quer fecha_mapa de todos os usuarios do pdv | Ajustado atualiza Registro que as vezes travava","Portal Gerencial Weber - historico beta SERVIDOR.ZIP																			Inativa"
"SERVIDOR.ZIP																			Inativa","25/08/2025 19:45:19","N/A","VPN","25/08/2025 19:45:20","WILSON WEBER","Nao confirmado","","","Ajustado Bug quando pdv quer fecha_mapa de todos os usuarios do pdv | Ajustado atualiza Registro que as vezes travava","Portal Gerencial Weber - historico beta SERVIDOR.ZIP																			Inativa"
"SERVIDOR.ZIP","21/08/2025 16:08:25","N/A","VPN","21/08/2025 16:08:26","WILSON WEBER","Nao confirmado","","","39 - Ajuste mensagem CONTINGENCIA no servidor que exibe no fechamento do pdv | Correçoes no UPD_152 | Feito modificaçoes no atualiza registro. As vezes nao limpava um objeto criado.","Portal Gerencial Weber - historico beta SERVIDOR.ZIP"
"SERVIDOR.ZIP																			Inativa","20/08/2025 17:31:29","N/A","VPN","20/08/2025 17:31:30","WILSON WEBER","Nao confirmado","","","39 - Ajuste mensagem CONTINGENCIA no servidor que exibe no fechamento do pdv | Correçoes no UPD_152 | Feito modificaçoes no atualiza registro. As vezes nao limpava um objeto criado","Portal Gerencial Weber - historico beta SERVIDOR.ZIP																			Inativa"
"SERVIDOR.ZIP","17/08/2025 22:38:53","N/A","VPN","17/08/2025 22:38:54","WILSON WEBER","Nao confirmado","","","78 - Consulta de CNPJ SeFaz Ajustado Erro.","Portal Gerencial Weber - historico beta SERVIDOR.ZIP"
"SERVIDOR.ZIP","12/08/2025 14:40:00","N/A","VPN","12/08/2025 14:40:01","WILSON WEBER","Producao confirmada","15/08/2025 11:57:56","FRANCISCO SCHWARZ MORAES","Adicionado UPD_153 e UPD_154","Portal Gerencial Weber - historico beta SERVIDOR.ZIP"
"SERVIDOR.ZIP																			Inativa","12/08/2025 08:08:12","N/A","VPN","12/08/2025 08:08:13","WILSON WEBER","Nao confirmado","","","Adicionado UPD_153 e UPD_154","Portal Gerencial Weber - historico beta SERVIDOR.ZIP																			Inativa"
"SERVIDOR.ZIP","30/07/2025 16:40:26","N/A","VPN","30/07/2025 16:40:27","WILSON WEBER","Producao confirmada","06/08/2025 14:02:03","FRANCISCO SCHWARZ MORAES","Ajustado para as promo por qtd do form KitProdutos sejam pelo codido do preco. | Obs: atualizar menu.zip servidor.zip e ecf_ws.zip","Portal Gerencial Weber - historico beta SERVIDOR.ZIP"
"SERVIDOR.ZIP","24/07/2025 16:23:11","N/A","VPN","24/07/2025 16:23:12","WILSON WEBER","Nao confirmado","","","ajustado bug promo Quantidade do form KitProdutos. | Obs:atualizar servidor.zip menu.zip e ecf_ws.zip","Portal Gerencial Weber - historico beta SERVIDOR.ZIP"
"SERVIDOR.ZIP","23/07/2025 16:02:07","N/A","VPN","23/07/2025 16:02:08","WILSON WEBER","Producao confirmada","24/07/2025 12:05:06","FRANCISCO SCHWARZ MORAES","Ajustado no comunica pdv para adicionar uma pausa no pacpdv_a.bat | Em parametros foi Incluido um Campo para informar a porta para do PacEst/PacPdv. Agora pode ser configuravel","Portal Gerencial Weber - historico beta SERVIDOR.ZIP"
"SERVIDOR.ZIP","21/07/2025 15:23:26","N/A","VPN","21/07/2025 15:23:27","WILSON WEBER","Producao confirmada","21/07/2025 15:41:44","FRANCISCO SCHWARZ MORAES","Retirado mensagem de rastreio ""fim""","Portal Gerencial Weber - historico beta SERVIDOR.ZIP"
"SERVIDOR.ZIP","17/07/2025 16:58:28","N/A","VPN","17/07/2025 16:58:29","WILSON WEBER","Producao confirmada","21/07/2025 09:04:52","FRANCISCO SCHWARZ MORAES","Adicionado UPD_151 e UPD_152 | Obs:atualizar menu.zip e servidor.zip","Portal Gerencial Weber - historico beta SERVIDOR.ZIP"
"SERVIDOR.ZIP","14/07/2025 19:28:39","N/A","VPN","14/07/2025 19:28:40","WILSON WEBER","Nao confirmado","","","Ajustado  para quando chamar enviar contingencia automatico. Rodar minimizado","Portal Gerencial Weber - historico beta SERVIDOR.ZIP"
"SERVIDOR.ZIP","11/07/2025 16:03:33","N/A","VPN","11/07/2025 16:03:35","WILSON WEBER","Nao confirmado","","","Adicionado a Funcao para dar um start apos updates de tabelas com sucesso","Portal Gerencial Weber - historico beta SERVIDOR.ZIP"
"SERVIDOR.ZIP","11/07/2025 12:07:47","N/A","VPN","11/07/2025 12:07:49","WILSON WEBER","Nao confirmado","","","Retirado Mensagem de Basckup do BD e chama Servernfe apos updates de tabelas  qdo houver","Portal Gerencial Weber - historico beta SERVIDOR.ZIP"
"SERVIDOR.ZIP","10/07/2025 16:34:32","N/A","VPN","10/07/2025 16:34:34","WILSON WEBER","Nao confirmado","","","Agora somente CNPJ sai no Cupom como Identificado ou CPF se for Nota Gaucha","Portal Gerencial Weber - historico beta SERVIDOR.ZIP"
"SERVIDOR.ZIP","01/07/2025 14:30:35","N/A","VPN","01/07/2025 14:30:37","WILSON WEBER","Nao confirmado","","","Adicionado UPD_150 | Obs: atualizar servidor.zip, menu.zip e ecf_ws.zip","Portal Gerencial Weber - historico beta SERVIDOR.ZIP"
"SERVIDOR.ZIP","26/06/2025 12:06:54","N/A","VPN","26/06/2025 12:06:55","WILSON WEBER","Nao confirmado","","","Feito melhoramentos internos para o novo atualizador","Portal Gerencial Weber - historico beta SERVIDOR.ZIP"
"SERVIDOR.ZIP","26/06/2025 00:41:44","N/A","VPN","26/06/2025 00:41:45","WILSON WEBER","Nao confirmado","","","Ajustado para envio de carga para o encarte tipo-5 e Tipo-7","Portal Gerencial Weber - historico beta SERVIDOR.ZIP"
"SERVIDOR.ZIP","25/06/2025 16:42:58","N/A","VPN","25/06/2025 16:43:00","WILSON WEBER","Nao confirmado","","","Ajustado bug validacao gtin","Portal Gerencial Weber - historico beta SERVIDOR.ZIP"
"SERVIDOR.ZIP","23/06/2025 12:26:59","N/A","VPN","23/06/2025 12:27:01","WILSON WEBER","Nao confirmado","","","Feito uma correção no upd_139","Portal Gerencial Weber - historico beta SERVIDOR.ZIP"
"SERVIDOR.ZIP","23/06/2025 10:12:57","N/A","VPN","23/06/2025 10:12:58","WILSON WEBER","Nao confirmado","","","Na funcao usada pelo pdv e menu que consulta o saldo do cliente foi incluido no sql (AND EXCLUIDO = 'N'). review-1","Portal Gerencial Weber - historico beta SERVIDOR.ZIP"
"SERVIDOR.ZIP","19/06/2025 15:40:53","N/A","VPN","19/06/2025 15:40:54","WILSON WEBER","Nao confirmado","","","Na funcao usada pelo pdv e menu que consulta o saldo do cliente foi incluido no sql (AND EXCLUIDO = 'N')","Portal Gerencial Weber - historico beta SERVIDOR.ZIP"
"SERVIDOR.ZIP","05/06/2025 14:40:23","N/A","VPN","05/06/2025 14:40:25","WILSON WEBER","Nao confirmado","","","Adicionado upd_149. Ajustes nas tabelas do financeiro","Portal Gerencial Weber - historico beta SERVIDOR.ZIP"
"SERVIDOR.ZIP","29/05/2025 11:10:02","N/A","VPN","29/05/2025 11:10:04","WILSON WEBER","Producao confirmada","02/06/2025 09:00:15","FRANCISCO SCHWARZ MORAES","Ajustado nova regra de validação de GTIN. Review-1","Portal Gerencial Weber - historico beta SERVIDOR.ZIP"
"SERVIDOR.ZIP","28/05/2025 13:52:06","N/A","VPN","28/05/2025 13:52:07","WILSON WEBER","Nao confirmado","","","Ajustado nova regra de validação de GTIN","Portal Gerencial Weber - historico beta SERVIDOR.ZIP"
"SERVIDOR.ZIP","26/05/2025 08:17:13","N/A","VPN","26/05/2025 08:17:14","WILSON WEBER","Nao confirmado","","","Removido a funcao que compartilha PacEst e PacvPDV","Portal Gerencial Weber - historico beta SERVIDOR.ZIP"
"SERVIDOR.ZIP","22/05/2025 15:49:55","N/A","VPN","22/05/2025 15:49:56","WILSON WEBER","Nao confirmado","","","Corrigido erro que apresentava na tela quando disparava contingencia automatica. Review-2","Portal Gerencial Weber - historico beta SERVIDOR.ZIP"
"SERVIDOR.ZIP","22/05/2025 15:19:20","N/A","VPN","22/05/2025 15:19:21","WILSON WEBER","Nao confirmado","","","Corrigido erro que apresentava na tela quando disparava contingencia automatica","Portal Gerencial Weber - historico beta SERVIDOR.ZIP"
"SERVIDOR.ZIP","22/05/2025 13:15:31","N/A","VPN","22/05/2025 13:15:33","WILSON WEBER","Nao confirmado","","","Corrigido erro que apresentava na tela quando disparava contingencia automatica","Portal Gerencial Weber - historico beta SERVIDOR.ZIP"
"SERVIDOR.ZIP","19/05/2025 19:14:56","N/A","VPN","19/05/2025 19:14:57","WILSON WEBER","Nao confirmado","","","Feito uma rotina separada para chamar por traz o envio de contingencias automatico | Melhorado para buscar senha suporte sem ter que iniciar o servernfe","Portal Gerencial Weber - historico beta SERVIDOR.ZIP"
"SERVIDOR.ZIP","15/05/2025 20:18:29","N/A","VPN","15/05/2025 20:18:30","WILSON WEBER","Nao confirmado","","","Feito um ajuste Interno. Pois nao estava gravando corretamente a versao_VPN_MENU e a versao_VPN_PDV  na tabela arq_versaocorreta","Portal Gerencial Weber - historico beta SERVIDOR.ZIP"
"SERVIDOR.ZIP","14/05/2025 19:07:05","N/A","VPN","14/05/2025 19:07:07","WILSON WEBER","Nao confirmado","","","Adicionado UPD_147 e UPD_148","Portal Gerencial Weber - historico beta SERVIDOR.ZIP"
"SERVIDOR.ZIP","07/05/2025 08:17:14","N/A","VPN","07/05/2025 08:17:15","WILSON WEBER","Nao confirmado","","","Quando envia as contingencias estava maxizando e depois minimizando. Modificado para somente minimizar.  Review-1","Portal Gerencial Weber - historico beta SERVIDOR.ZIP"
"SERVIDOR.ZIP","06/05/2025 15:49:11","N/A","VPN","06/05/2025 15:49:12","WILSON WEBER","Nao confirmado","","","Quando envia as contingencias estava maxizando e depois minimizando. Modificado para somente minimizar","Portal Gerencial Weber - historico beta SERVIDOR.ZIP"
"SERVIDOR.ZIP","05/05/2025 15:04:41","N/A","VPN","05/05/2025 15:04:42","WILSON WEBER","Nao confirmado","","","Adicionado UPD_146. | Obs:Atualizar menu.zip e promiz.zip","Portal Gerencial Weber - historico beta SERVIDOR.ZIP"
"SERVIDOR.ZIP","21/04/2025 19:37:51","N/A","VPN","21/04/2025 19:37:52","WILSON WEBER","Nao confirmado","","","Adicionado UPD_145 | Obs:Atualizar menu.zip","Portal Gerencial Weber - historico beta SERVIDOR.ZIP"
"SERVIDOR.ZIP","08/04/2025 15:05:30","N/A","VPN","08/04/2025 15:05:31","WILSON WEBER","Nao confirmado","","","Adicionado UPD_144 ajuste para o FB 4.0 e Bordero | Obs:atualiza menu.zip","Portal Gerencial Weber - historico beta SERVIDOR.ZIP"
"SERVIDOR.ZIP","03/04/2025 13:15:35","N/A","VPN","03/04/2025 13:15:36","WILSON WEBER","Nao confirmado","","","Adicionado UPD_143 | Obs: atualizar menu.zip tambem","Portal Gerencial Weber - historico beta SERVIDOR.ZIP"
"SERVIDOR.ZIP","25/03/2025 21:01:47","N/A","VPN","25/03/2025 21:01:49","WILSON WEBER","Producao confirmada","27/03/2025 09:13:27","FRANCISCO SCHWARZ MORAES","Adicionado UPD_142 | Obs:Atualizar ecf_ws.zip e menu.zip","Portal Gerencial Weber - historico beta SERVIDOR.ZIP"
"SERVIDOR.ZIP","06/03/2025 19:37:53","N/A","VPN","06/03/2025 19:37:54","WILSON WEBER","Nao confirmado","","","Ajustado para quando tiver financeiro novo e der except no calculo de juros. Mostra mensagem do erro e nao para mais o servernfe","Portal Gerencial Weber - historico beta SERVIDOR.ZIP"
"SERVIDOR.ZIP","05/03/2025 15:45:43","N/A","VPN","05/03/2025 15:45:44","WILSON WEBER","Nao confirmado","","","Ajustado Bug de ortografia do calculo de juros","Portal Gerencial Weber - historico beta SERVIDOR.ZIP"
"SERVIDOR.ZIP","05/03/2025 15:33:30","N/A","VPN","05/03/2025 15:33:31","WILSON WEBER","Nao confirmado","","","Ajustado Bug de ortografia","Portal Gerencial Weber - historico beta SERVIDOR.ZIP"
"SERVIDOR.ZIP","05/03/2025 12:47:41","N/A","VPN","05/03/2025 12:47:42","WILSON WEBER","Nao confirmado","","","Adicionado um arquivo LogCalculoJurosCR.txt   onde contem o log do calculo de juros do financeiro novo","Portal Gerencial Weber - historico beta SERVIDOR.ZIP"
"SERVIDOR.ZIP","04/03/2025 13:09:34","N/A","VPN","04/03/2025 13:09:35","WILSON WEBER","Nao confirmado","","","Adicionado UPD_141 Calculo dos juros do financeiro novo. | Obs:Atualizar menu.zip","Portal Gerencial Weber - historico beta SERVIDOR.ZIP"
"SERVIDOR.ZIP","19/02/2025 17:16:49","N/A","VPN","19/02/2025 17:16:51","WILSON WEBER","Producao confirmada","21/02/2025 10:41:03","FRANCISCO SCHWARZ MORAES","Adicionado UPD_140 que cria novas colunas no cad.clientes e produtos","Portal Gerencial Weber - historico beta SERVIDOR.ZIP"
"SERVIDOR.ZIP","14/02/2025 19:05:19","N/A","VPN","14/02/2025 19:05:20","WILSON WEBER","Nao confirmado","","","Ajustado e melhorado UPD_126.","Portal Gerencial Weber - historico beta SERVIDOR.ZIP"
"SERVIDOR.ZIP","12/02/2025 16:58:30","N/A","VPN","12/02/2025 16:58:31","WILSON WEBER","Nao confirmado","","","Teste-2 do CresceVendas | Incluido UPD_139","Portal Gerencial Weber - historico beta SERVIDOR.ZIP"
"SERVIDOR.ZIP","12/02/2025 08:06:35","N/A","VPN","12/02/2025 08:06:36","WILSON WEBER","Nao confirmado","","","Teste-1 do CresceVendas","Portal Gerencial Weber - historico beta SERVIDOR.ZIP"
"SERVIDOR.ZIP","31/01/2025 08:59:57","N/A","VPN","31/01/2025 08:59:58","WILSON WEBER","Nao confirmado","","","Adicionado UPD_138 criando colunas novas para Cresce-Vendas | Corrigido UPD_129 ( Trigger PDV_REGRA1 )","Portal Gerencial Weber - historico beta SERVIDOR.ZIP"
"SERVIDOR.ZIP","29/01/2025 16:14:51","N/A","VPN","29/01/2025 16:14:52","WILSON WEBER","Nao confirmado","","","Ajustado para sincronizar campos novos da TAB_CFOP | Ajustado para resolver contingencia do Fecha_Caixa","Portal Gerencial Weber - historico beta SERVIDOR.ZIP"
"SERVIDOR.ZIP","27/01/2025 09:02:03","N/A","VPN","27/01/2025 09:02:05","WILSON WEBER","Nao confirmado","","","Adicionado upd_136 e upd_137. Obs:Atualizar servidor.zip menu.zip e promis.zip. Review-2","Portal Gerencial Weber - historico beta SERVIDOR.ZIP"
"SERVIDOR.ZIP","24/01/2025 18:02:49","N/A","VPN","24/01/2025 18:02:51","WILSON WEBER","Nao confirmado","","","Adicionado upd_136 e upd_137. Obs:Atualizar servidor.zip menu.zip e promis.zip.  Review-1","Portal Gerencial Weber - historico beta SERVIDOR.ZIP"
"SERVIDOR.ZIP","24/01/2025 17:25:21","N/A","VPN","24/01/2025 17:25:22","WILSON WEBER","Nao confirmado","","","Adicionado upd_136 e upd_137. Obs:Atualizar servidor.zip menu.zip e promis.zip","Portal Gerencial Weber - historico beta SERVIDOR.ZIP"
"SERVIDOR.ZIP","22/01/2025 22:30:32","N/A","VPN","22/01/2025 22:30:33","WILSON WEBER","Nao confirmado","","","* Ajustado para aceitar do pdv o TXT do log fechamento de caixa. Cada vez que for acessao vair gerar um de log de acao geral | * Ajustado Bug que nao enviava duplicidade automaticamente.  Cria um log nas pastas de log chamado Log_Contingencia_xx.txt para rastrear | * Ajustado Bug que mostrava de forma equivocada a mensagem (verifica troca data pelo sw)","Portal Gerencial Weber - historico beta SERVIDOR.ZIP"
"SERVIDOR.ZIP","16/01/2025 19:12:23","N/A","VPN","16/01/2025 19:12:25","WILSON WEBER","Producao confirmada","17/01/2025 17:15:32","FRANCISCO SCHWARZ MORAES","Incluido no robo uma opcao para baixar XML por Chave.  Review-1","Portal Gerencial Weber - historico beta SERVIDOR.ZIP"
"SERVIDOR.ZIP","16/01/2025 14:27:59","N/A","VPN","16/01/2025 14:28:00","WILSON WEBER","Nao confirmado","","","Incluido no robo uma opcao para baixar XML por Chave","Portal Gerencial Weber - historico beta SERVIDOR.ZIP"
"SERVIDOR.ZIP","27/12/2024 11:56:34","N/A","VPN","27/12/2024 11:56:35","WILSON WEBER","Producao confirmada","27/12/2024 13:55:36","FRANCISCO SCHWARZ MORAES","Adicionado UPD_135. Criado Campo ORIGEM_NFCE na tabela PDV_MAPAF. Review-4","Portal Gerencial Weber - historico beta SERVIDOR.ZIP"
"SERVIDOR.ZIP","27/12/2024 11:44:42","N/A","VPN","27/12/2024 11:44:43","WILSON WEBER","Nao confirmado","","","Adicionado UPD_135. Criado Campo ORIGEM_NFCE na tabela PDV_MAPAF. Review-3","Portal Gerencial Weber - historico beta SERVIDOR.ZIP"
"SERVIDOR.ZIP","27/12/2024 11:35:06","N/A","VPN","27/12/2024 11:35:08","WILSON WEBER","Nao confirmado","","","Adicionado UPD_135. Criado Campo ORIGEM_NFCE na tabela PDV_MAPAF. Review-2","Portal Gerencial Weber - historico beta SERVIDOR.ZIP"
"SERVIDOR.ZIP","27/12/2024 11:13:42","N/A","VPN","27/12/2024 11:13:43","WILSON WEBER","Nao confirmado","","","Adicionado UPD_135. Criado Campo ORIGEM_NFCE na tabela PDV_MAPAF.  Review-1","Portal Gerencial Weber - historico beta SERVIDOR.ZIP"
"SERVIDOR.ZIP","27/12/2024 10:45:44","N/A","VPN","27/12/2024 10:45:45","WILSON WEBER","Nao confirmado","","","Adicionado UPD_135.  Criado Campo ORIGEM_NFCE na tabela PDV_MAPAF","Portal Gerencial Weber - historico beta SERVIDOR.ZIP"
"SERVIDOR.ZIP","18/12/2024 17:00:02","N/A","VPN","18/12/2024 17:00:03","WILSON WEBER","Producao confirmada","19/12/2024 09:32:09","FRANCISCO SCHWARZ MORAES","Adicionado o UPD_134, ajustes no contas a pagar. Review-2","Portal Gerencial Weber - historico beta SERVIDOR.ZIP"
"SERVIDOR.ZIP","18/12/2024 13:37:00","N/A","VPN","18/12/2024 13:37:02","WILSON WEBER","Nao confirmado","","","Adicionado o UPD_134, ajustes no contas a pagar. Review-1","Portal Gerencial Weber - historico beta SERVIDOR.ZIP"
"SERVIDOR.ZIP","18/12/2024 13:32:21","N/A","VPN","18/12/2024 13:32:23","WILSON WEBER","Nao confirmado","","","Adicionado o UPD_134, ajustes no contas a pagar","Portal Gerencial Weber - historico beta SERVIDOR.ZIP"
"SERVIDOR.ZIP","17/12/2024 16:35:20","N/A","VPN","17/12/2024 16:35:22","WILSON WEBER","Nao confirmado","","","Ajustado para que o servernfe.exe  sw.exe  roboxml.exe possa rodar dentro das pastas c:\weber\servidor\vpn_XXX sem a necessidade de renomear os executaveis | Onde XXX e o codigo da loja master. | Ajustado o erro onde o upd 131 dizia estar vazio, sendo necessário abrir uma segunda vez o SW update.","Portal Gerencial Weber - historico beta SERVIDOR.ZIP"
"SERVIDOR.ZIP","05/12/2024 16:29:52","N/A","VPN","05/12/2024 16:29:53","WILSON WEBER","Producao confirmada","12/12/2024 08:55:48","FRANCISCO SCHWARZ MORAES","Ajustado Bug no atualizar sistema em um Click, estava com erro ao Copiar arquivos para pacs","Portal Gerencial Weber - historico beta SERVIDOR.ZIP"
"SERVIDOR.ZIP","05/12/2024 10:03:02","N/A","VPN","05/12/2024 10:03:03","WILSON WEBER","Nao confirmado","","","Incluido endToEndId do PIX no XML na forma de pagamento","Portal Gerencial Weber - historico beta SERVIDOR.ZIP"
"SERVIDOR.ZIP","28/11/2024 12:02:03","N/A","VPN","28/11/2024 12:02:05","WILSON WEBER","Nao confirmado","","","Adicionado UPD_133 referente Compras Novo","Portal Gerencial Weber - historico beta SERVIDOR.ZIP"
"SERVIDOR.ZIP","19/11/2024 17:58:28","N/A","VPN","19/11/2024 17:58:29","WILSON WEBER","Nao confirmado","","","Adicionado UPD_132  para calculo do IRRF na danfe | Ajustado BUG que fazia a troca de data somente da loja master","Portal Gerencial Weber - historico beta SERVIDOR.ZIP"
"SERVIDOR.ZIP","19/11/2024 12:06:41","N/A","VPN","19/11/2024 12:06:43","WILSON WEBER","Nao confirmado","","","Ajustado Bug do Upd_131 que nao estava conseguindo extrair o sql","Portal Gerencial Weber - historico beta SERVIDOR.ZIP"
"SERVIDOR.ZIP																			Inativa","18/11/2024 20:51:40","N/A","VPN","18/11/2024 20:51:41","WILSON WEBER","Nao confirmado","","","Incluido UPD_131, ajustes na trigger","Portal Gerencial Weber - historico beta SERVIDOR.ZIP																			Inativa"
"SERVIDOR.ZIP","07/11/2024 14:03:36","N/A","VPN","07/11/2024 14:03:37","WILSON WEBER","Nao confirmado","","","Incluido no UPDV_130 a validacao se ja existe ou nao os campos","Portal Gerencial Weber - historico beta SERVIDOR.ZIP"
"SERVIDOR.ZIP","06/11/2024 16:05:14","N/A","VPN","06/11/2024 16:05:15","WILSON WEBER","Nao confirmado","","","Adicionado UPD_130. Incluido Observacao da ciencia no ROBO","Portal Gerencial Weber - historico beta SERVIDOR.ZIP"
"SERVIDOR.ZIP","01/11/2024 15:23:21","N/A","VPN","01/11/2024 15:23:23","WILSON WEBER","Nao confirmado","","","Qdo server chamava automaticamente as  contingencias pendentes, estava enviando uma so de cada vez.","Portal Gerencial Weber - historico beta SERVIDOR.ZIP"
"SERVIDOR.ZIP","01/11/2024 00:25:58","N/A","VPN","01/11/2024 00:25:59","WILSON WEBER","Nao confirmado","","","Retirado mensagem de rastreio. (Form.Sobre)","Portal Gerencial Weber - historico beta SERVIDOR.ZIP"
"SERVIDOR.ZIP","31/10/2024 12:52:37","N/A","VPN","31/10/2024 12:52:38","WILSON WEBER","Nao confirmado","","","ServerNFE deve que ser recompilado, para atender a demanda de enviar as contingencias por Thread do pdv para o serverNFE.","Portal Gerencial Weber - historico beta SERVIDOR.ZIP"
"SERVIDOR.ZIP","23/10/2024 20:25:44","N/A","VPN","23/10/2024 20:25:45","WILSON WEBER","Nao confirmado","","","Incluido UPD_129   Obs:Atualizar servidor.zip e menu.zip","Portal Gerencial Weber - historico beta SERVIDOR.ZIP"
"SERVIDOR.ZIP","23/10/2024 13:11:09","N/A","VPN","23/10/2024 13:11:11","WILSON WEBER","Nao confirmado","","","Na versao anterior havia sido compilado com a Conexao aberta. Ai gerava erro e nem abria. Review-1","Portal Gerencial Weber - historico beta SERVIDOR.ZIP"
"SERVIDOR.ZIP","23/10/2024 11:08:21","N/A","VPN","23/10/2024 11:08:23","WILSON WEBER","Nao confirmado","","","Na versao anterior havia sido compilado com a Conexao aberta.  Ai gerava erro e nem abria","Portal Gerencial Weber - historico beta SERVIDOR.ZIP"
"SERVIDOR.ZIP","22/10/2024 15:36:57","N/A","VPN","22/10/2024 15:36:58","WILSON WEBER","Nao confirmado","","","Ajustado Bug quando criava a pasta dos CUPOME (Não estava conseguindo Criar)","Portal Gerencial Weber - historico beta SERVIDOR.ZIP"
"SERVIDOR.ZIP","10/10/2024 18:08:41","N/A","VPN","10/10/2024 18:08:42","WILSON WEBER","Nao confirmado","","","Adicionado UPD_127 e UPD128.  Tabelas da Nova Ferramenta Ordem de Produção | Obs:Atualizar tambem menu.zip","Portal Gerencial Weber - historico beta SERVIDOR.ZIP"
"SERVIDOR.ZIP","09/10/2024 17:15:57","N/A","VPN","09/10/2024 17:15:58","WILSON WEBER","Nao confirmado","","","Feito melhorias no UPD_126 | Feito um ajuste na trigger pra quando trocarem de regime resetar as flags de bdw, ja tinha sido previsto CNPJ, mas no regime tambem tem que resetar","Portal Gerencial Weber - historico beta SERVIDOR.ZIP"
"SERVIDOR.ZIP","08/10/2024 16:02:18","N/A","VPN","08/10/2024 16:02:19","WILSON WEBER","Nao confirmado","","","Adicionado o UPD_126 | Ajustado roboxml.exe qdo tiver cstat 578 adicionar no log a mensagem (Revise o horário do Windows) | Incluido no robo para gravar o Numero da NF e Serie na Tabela do XML_MANIFESTO. Review-1","Portal Gerencial Weber - historico beta SERVIDOR.ZIP"
"SERVIDOR.ZIP","08/10/2024 13:56:04","N/A","VPN","08/10/2024 13:56:05","WILSON WEBER","Nao confirmado","","","Adicionado o UPD_126 | Ajustado roboxml.exe qdo tiver  cstat 578 adicionar no log a mensagem  (Revise o horário do Windows) | Incluido no robo para gravar o Numero da NF e Serie na Tabela do XML_MANIFESTO","Portal Gerencial Weber - historico beta SERVIDOR.ZIP"
"SERVIDOR.ZIP","02/10/2024 17:46:30","N/A","VPN","02/10/2024 17:46:31","WILSON WEBER","Nao confirmado","","","Ajustado o roboxml.exe para poder configurar  a flag do log ligado ou desligada. | ai da pra ver em detalhes o txt do log para ver se apresenta alguma coisa no casos qdo nao baixa xml | ?","Portal Gerencial Weber - historico beta SERVIDOR.ZIP"
"SERVIDOR.ZIP","01/10/2024 21:20:38","N/A","VPN","01/10/2024 21:20:39","WILSON WEBER","Nao confirmado","","","Agora cada vez que startar servernfe.exe vai vereficar a data aberta em todas as lojas do BD | -- | Liberado TEF com geração de NFCe para F7-Recebimentos | - | F7-Recebimentos agora gera NFCe quando for TEF.  Configurar em Manutencao PDV > Parâmetros 2 o código de produto para  F7-Receb ( Ele deve estar cadastrado) | --- | Obs:Atualizar servidor.zip ecf_ws.zip e menu.zip e promis.zip","Portal Gerencial Weber - historico beta SERVIDOR.ZIP"
"SERVIDOR.ZIP","26/09/2024 09:21:06","N/A","VPN","26/09/2024 09:21:07","WILSON WEBER","Nao confirmado","","","Incluido UPD_125 ajustes no wgsync","Portal Gerencial Weber - historico beta SERVIDOR.ZIP"
"SERVIDOR.ZIP","24/09/2024 11:28:41","N/A","VPN","24/09/2024 11:28:42","WILSON WEBER","Nao confirmado","","","Incluido regra no comunica PDV para quando no encarte tiver preço fixo e preço de venda for menor que o preço fixo, descarta a promoção","Portal Gerencial Weber - historico beta SERVIDOR.ZIP"
"SERVIDOR.ZIP","17/09/2024 19:31:29","N/A","VPN","17/09/2024 19:31:31","WILSON WEBER","Nao confirmado","","","Foi Ajustado para montar o XML com a descricao Reduzida do produto. (Solicitacao cliente 861)","Portal Gerencial Weber - historico beta SERVIDOR.ZIP"
"SERVIDOR.ZIP","11/09/2024 10:47:23","N/A","VPN","11/09/2024 10:47:24","WILSON WEBER","Nao confirmado","","","Adicionado UPD_124 no Pacote servidor.zip","Portal Gerencial Weber - historico beta SERVIDOR.ZIP"
"SERVIDOR.ZIP","09/09/2024 21:13:06","N/A","VPN","09/09/2024 21:13:08","WILSON WEBER","Nao confirmado","","","Quando valida a contingencia com verificacao de Duplicidade, agora considera o Valor do desconto no Total do Cupom Eletronico","Portal Gerencial Weber - historico beta SERVIDOR.ZIP"
"SERVIDOR.ZIP","09/09/2024 20:42:35","N/A","VPN","09/09/2024 20:42:37","WILSON WEBER","Nao confirmado","","","Quando valida a contingencia com verificacao de Duplicidade, agora considera o Valor do desconto no Total","Portal Gerencial Weber - historico beta SERVIDOR.ZIP"
"SERVIDOR.ZIP","05/09/2024 09:37:08","N/A","VPN","05/09/2024 09:37:09","WILSON WEBER","Nao confirmado","","","Chama scantech.exe somente se tiver o produto 116 liberado no Cod.Master","Portal Gerencial Weber - historico beta SERVIDOR.ZIP"
"SERVIDOR.ZIP","03/09/2024 12:01:40","N/A","VPN","03/09/2024 12:01:41","WILSON WEBER","Nao confirmado","","","Adicionado UPD_123 com tabela necessária para o wgsync | Ajustes para finalizadoras PDV, USA_WEB  não mais usado, passou para USA_REDE, o update migra a mesma config, logo, não precisa mais ir em Finalizadoras e marcar ""Usa em On-Line"" nos bancos de dados mais antigos.","Portal Gerencial Weber - historico beta SERVIDOR.ZIP"
"SERVIDOR.ZIP","27/08/2024 15:24:00","N/A","VPN","27/08/2024 15:24:02","WILSON WEBER","Nao confirmado","","","Agora questiona se você quer fazer Backup do BD quando tiver atualização de Tabelas no BD | Feito melhorias no  UPD121 | Versão disponível no site em 27/08/2024 15:40hs.","Portal Gerencial Weber - historico beta SERVIDOR.ZIP"
"SERVIDOR.ZIP","23/08/2024 11:02:40","N/A","VPN","23/08/2024 11:02:44","WILSON WEBER","Nao confirmado","","","Incluido o Backup do BD quando houver UPD de tabelas no BD. | Versão disponível no site em 23/08/2024 11hrs.","Portal Gerencial Weber - historico beta SERVIDOR.ZIP"
"SERVIDOR.ZIP","22/08/2024 17:01:50","N/A","VPN","22/08/2024 17:01:51","WILSON WEBER","Nao confirmado","","","Melhorado e ajustado alguns bugs da atualizacao em um Click | Processo está totalmente funcional agora","Portal Gerencial Weber - historico beta SERVIDOR.ZIP"
"SERVIDOR.ZIP","21/08/2024 13:50:33","N/A","VPN","21/08/2024 13:50:34","WILSON WEBER","Nao confirmado","","","Incluido UPD122 | OBS: atualizar servidor.zip menu.zip promis.zip","Portal Gerencial Weber - historico beta SERVIDOR.ZIP"
"SERVIDOR.ZIP","19/08/2024 13:05:04","N/A","VPN","19/08/2024 13:05:06","WILSON WEBER","Nao confirmado","","","Adicionado UPD_121 | Agora so faz DownLoad dos arquivos quando clicar em Atualizar sistema em um Click | Obs: Atualizar servidor.zip, menu.zip, promis.zip e wdllbol.zip","Portal Gerencial Weber - historico beta SERVIDOR.ZIP"
"SERVIDOR.ZIP","16/08/2024 15:51:05","N/A","VPN","16/08/2024 15:51:07","WILSON WEBER","Nao confirmado","","","ajustado bug de quando servernfe chama roboxml.exe dava erro","Portal Gerencial Weber - historico beta SERVIDOR.ZIP"
"SERVIDOR.ZIP","06/08/2024 19:30:24","N/A","VPN","06/08/2024 19:30:25","WILSON WEBER","Nao confirmado","","","Voltado para IndPres=4 A Domicilio | atualizar servidro.zip menu.zip e ecf_ws.zip. Review-4. | Versão disponível no site em 15.08.2024 17hrs.","Portal Gerencial Weber - historico beta SERVIDOR.ZIP"
"SERVIDOR.ZIP","06/08/2024 19:17:22","N/A","VPN","06/08/2024 19:17:23","WILSON WEBER","Nao confirmado","","","Voltado para IndPres=4 A Domicilio | atualizar servidro.zip menu.zip e ecf_ws.zip. Review-3","Portal Gerencial Weber - historico beta SERVIDOR.ZIP"
"SERVIDOR.ZIP","06/08/2024 18:10:55","N/A","VPN","06/08/2024 18:10:56","WILSON WEBER","Nao confirmado","","","Voltado para IndPres=4 A Domicilio | atualizar servidro.zip menu.zip e ecf_ws.zip. Review-2","Portal Gerencial Weber - historico beta SERVIDOR.ZIP"
"SERVIDOR.ZIP","06/08/2024 17:36:02","N/A","VPN","06/08/2024 17:36:03","WILSON WEBER","Nao confirmado","","","Voltado para IndPres=4 A Domicilio | atualizar servidro.zip menu.zip e ecf_ws.zip.   Review-1","Portal Gerencial Weber - historico beta SERVIDOR.ZIP"
"SERVIDOR.ZIP","06/08/2024 17:06:57","N/A","VPN","06/08/2024 17:06:58","WILSON WEBER","Nao confirmado","","","Voltado para IndPres=4 A Domicilio | atualizar servidro.zip menu.zip e ecf_ws.zip","Portal Gerencial Weber - historico beta SERVIDOR.ZIP"
"SERVIDOR.ZIP","06/08/2024 16:32:52","N/A","VPN","06/08/2024 16:32:53","WILSON WEBER","Nao confirmado","","","ajustado para tele-entrega  IndPres=3 | atualizar menu.zip servidor.zip e ecf_ws.zip","Portal Gerencial Weber - historico beta SERVIDOR.ZIP"
"SERVIDOR.ZIP","06/08/2024 15:29:29","N/A","VPN","06/08/2024 15:29:30","WILSON WEBER","Nao confirmado","","","Feito mais uma tentativa para ajuste da Venda a Domicilio.","Portal Gerencial Weber - historico beta SERVIDOR.ZIP"
"SERVIDOR.ZIP","06/08/2024 10:10:56","N/A","VPN","06/08/2024 10:10:57","WILSON WEBER","Nao confirmado","","","Recompilado, pois sw estava abrindo com uma conexao fixa","Portal Gerencial Weber - historico beta SERVIDOR.ZIP"
"SERVIDOR.ZIP","05/08/2024 18:32:01","N/A","VPN","05/08/2024 18:32:03","WILSON WEBER","Nao confirmado","","","venda a domicilio, La em manutencao pdv na aba finlizadoras. Colocar nome da finalizadora como Domicilio. | https://atendimento.receita.rs.gov.br/notaintegrada | Obs: atualizar servidor.zip ecf_ws.zip e menu.zip","Portal Gerencial Weber - historico beta SERVIDOR.ZIP"
"SERVIDOR.ZIP","02/08/2024 15:53:10","N/A","VPN","02/08/2024 15:53:12","WILSON WEBER","Nao confirmado","","","Ajustado envio XML do pdv pro repositorio, qdo vinha cstat 0, esta considerando como ok agora","Portal Gerencial Weber - historico beta SERVIDOR.ZIP"
"SERVIDOR.ZIP","31/07/2024 16:37:54","N/A","VPN","31/07/2024 16:37:55","WILSON WEBER","Nao confirmado","","","Removido mensagem de rastreio no download","Portal Gerencial Weber - historico beta SERVIDOR.ZIP"
"SERVIDOR.ZIP","30/07/2024 17:04:07","N/A","VPN","30/07/2024 17:04:08","WILSON WEBER","Nao confirmado","","","Adicionado o UPD120.sql com ajustes de Tabelas e Campos e Triggers","Portal Gerencial Weber - historico beta SERVIDOR.ZIP"
"SERVIDOR.ZIP","24/07/2024 08:32:29","N/A","VPN","24/07/2024 08:32:30","WILSON WEBER","Nao confirmado","","","Quando Cancela NFCe marca como N o campo XML_REPOSITORIO da tabela PDV_MAPAXML","Portal Gerencial Weber - historico beta SERVIDOR.ZIP"
"SERVIDOR.ZIP","23/07/2024 18:30:16","N/A","VPN","23/07/2024 18:30:17","WILSON WEBER","Nao confirmado","","","Melhorado envio XML, retorno 203 considera como ok","Portal Gerencial Weber - historico beta SERVIDOR.ZIP"
"SERVIDOR.ZIP","23/07/2024 17:42:52","N/A","VPN","23/07/2024 17:42:53","WILSON WEBER","Nao confirmado","","","- Liberado recursos para testes com envio de XML para 237 | - Ajustado Bug no Contas a Receber avulso pelo PDV com Financeiro novo","Portal Gerencial Weber - historico beta SERVIDOR.ZIP"
"SERVIDOR.ZIP","23/07/2024 15:37:29","N/A","VPN","23/07/2024 15:37:30","WILSON WEBER","Nao confirmado","","","Ajustado Bug do rateio no contas a receber quando lança Contas a Receber Avulson pelo PDV","Portal Gerencial Weber - historico beta SERVIDOR.ZIP"
"SERVIDOR.ZIP","23/07/2024 14:38:14","N/A","VPN","23/07/2024 14:38:15","WILSON WEBER","Nao confirmado","","","* Agora quando cancela NFCe, Vai permitir cancelar somente se nao tiver Contas a Receber Vinculado.  Caso tenha vinculado verefica se lcto já foi excluido. | * Envia XML para repositorio agora coloca a tag apiVersao = 2","Portal Gerencial Weber - historico beta SERVIDOR.ZIP"
"SERVIDOR.ZIP","23/07/2024 13:14:42","N/A","VPN","23/07/2024 13:14:43","WILSON WEBER","Nao confirmado","","","Ajustado para considerar o plano financeiro quando no PDV lançar o Contas a Receber Avulso no Financeiro Novo. | Obs:Atualizar ECF_WS.ZIP","Portal Gerencial Weber - historico beta SERVIDOR.ZIP"
"SERVIDOR.ZIP","22/07/2024 10:40:23","N/A","VPN","22/07/2024 10:40:24","WILSON WEBER","Nao confirmado","","","Ajustado no ServerNFE: | No `PDV quando faz um Lançamento Avulso do Contas a Receber e tiver Plano financeiro cadastrado, vai fazer o Rateio dos valores conforme as Contas do plano financeiro.","Portal Gerencial Weber - historico beta SERVIDOR.ZIP"
"SERVIDOR.ZIP","19/07/2024 12:29:20","N/A","VPN","19/07/2024 12:29:21","WILSON WEBER","Nao confirmado","","","Ajustado problema de arredondamento na hora de impressão no preço Unitário qdo sem desconto e sem acréscimo | Versão disponível no site em 19.07.2024 17hrs","Portal Gerencial Weber - historico beta SERVIDOR.ZIP"
"SERVIDOR.ZIP","17/07/2024 13:29:29","N/A","VPN","17/07/2024 13:29:30","WILSON WEBER","Nao confirmado","","","Ajustado Bug ao consultar fechamento de mapa pelo APP | Cada vez que envia um Cupom pro Mapa e gravar o mesmo, seta (ENVIO_SCHANNTECH = NULL) na Tabela (PDV_MAPA) daquele PDV | Foi Adicionado o UPD_119. Obs:atualizar menu.exe e promis.exe | No menu de opçoes do SERVERNFE tem a opção (Verificar Versão dos Executaveis/Acessos/Pacs) Na aba pacotes é possivel agora configurar o Nome ou IP do servidor que contem as pastas PacEst e PacPDV | No envia XML para o Repositorio da WEBER (WXMLS)  foi criado o seguinte parametro no FileManager do LOJA.CFG | #DATA_INICIO_ENVIO_XML_REPOSITORIO=dd/mm/aaaa | Review-6 CompilacaoDataHora: 17/07/2024 13:16:03 | Versão disponível no site em 19.07.2024 11hrs.","Portal Gerencial Weber - historico beta SERVIDOR.ZIP"
"SERVIDOR.ZIP","16/07/2024 17:28:39","N/A","VPN","16/07/2024 17:28:41","WILSON WEBER","Nao confirmado","","","Ajustado Bug ao consultar fechamento de mapa pelo APP | Cada vez que envia um Cupom pro Mapa e gravar o mesmo, seta (ENVIO_SCHANNTECH = NULL) na Tabela (PDV_MAPA) daquele PDV | Foi Adicionado o UPD_119. Obs:atualizar menu.exe e promis.exe | No menu de opçoes do SERVERNFE tem a opção  (Verificar Versão dos Executaveis/Acessos/Pacs) Na aba pacotes é possivel agora configurar o Nome ou IP do servidor que contem as pastas PacEst e PacPDV | Review-5 CompilacaoDataHora: 16/07/2024 16:16:03","Portal Gerencial Weber - historico beta SERVIDOR.ZIP"
"SERVIDOR.ZIP","16/07/2024 15:54:18","N/A","VPN","16/07/2024 15:54:20","WILSON WEBER","Nao confirmado","","","Quando tinha transacoes TEF de fatura, a transacao tef ficava em contingencia, ajustado para nova estrutura | Ajustado Contingencia do DIAL-TEF tambem. | Ajustado Bug ao consultar fechamento de mapa pelo APP | Cada vez que envia um Cupom pro Mapa e gravar o mesmo, seta (ENVIO_SCHANNTECH = NULL) na Tabela (PDV_MAPA) daquele PDV | Foi Adicionado o UPD_119.  Obs:atualizar menu.exe e promis.exe | Review-4","Portal Gerencial Weber - historico beta SERVIDOR.ZIP"
"SERVIDOR.ZIP","15/07/2024 14:46:06","N/A","VPN","15/07/2024 11:46:07","WILSON WEBER","Nao confirmado","","","Quando tinha transacoes TEF de fatura, a transacao tef ficava em contingencia, ajustado para nova estrutura | Ajustado Contingencia do DIAL-TEF tambem. | Ajustado Bug ao consultar fechamento de mapa pelo APP | Cada vez que envia um Cupom pro Mapa e gravar o mesmo,   seta (ENVIO_SCHANNTECH = NULL)  na Tabela (PDV_MAPA)  daquele PDV | Review-3 | Disponível na versão do site em 15.07.2024.","Portal Gerencial Weber - historico beta SERVIDOR.ZIP"
"SERVIDOR.ZIP","11/07/2024 10:43:29","N/A","VPN","11/07/2024 10:43:31","WILSON WEBER","Nao confirmado","","","Quando tinha transacoes TEF de fatura, a transacao tef ficava em contingencia, ajustado para nova estrutura | Ajustado Contingencia do DIAL-TEF tambem. | Ajustado Bug ao consultar fechamento de mapa pelo APP | Review-2 | Versão disponível no site em 12.07.2024","Portal Gerencial Weber - historico beta SERVIDOR.ZIP"
"SERVIDOR.ZIP","09/07/2024 15:58:16","N/A","VPN","09/07/2024 15:58:18","WILSON WEBER","Nao confirmado","","","Quando tinha transacoes TEF de fatura, a transacao tef ficava em contingencia, ajustado para nova estrutura | Ajustado Contingencia do DIAL-TEF tambem. | Review-1","Portal Gerencial Weber - historico beta SERVIDOR.ZIP"
"SERVIDOR.ZIP","09/07/2024 14:07:27","N/A","VPN","09/07/2024 14:07:28","WILSON WEBER","Nao confirmado","","","Quando tinha transacoes TEF de fatura, a transacao tef ficava em contingencia, ajustado para nova estrutura | Ajustado Contingencia do DIAL-TEF tambem","Portal Gerencial Weber - historico beta SERVIDOR.ZIP"
"SERVIDOR.ZIP","08/07/2024 17:42:34","N/A","VPN","08/07/2024 17:42:36","WILSON WEBER","Nao confirmado","","","Havia o mensagem de rastreio do DownLoad. (Nao achou remoto.zip) Eventualmente poderia aparecer. Mas nada que implique no uso. Foi removida. Review1","Portal Gerencial Weber - historico beta SERVIDOR.ZIP"
"SERVIDOR.ZIP","08/07/2024 09:54:53","N/A","VPN","08/07/2024 09:54:55","WILSON WEBER","Nao confirmado","","","Havia o mensagem de rastreio do DownLoad.  (Nao achou remoto.zip)  Eventualmente poderia aparecer. Mas nada que implique no uso. Foi removida","Portal Gerencial Weber - historico beta SERVIDOR.ZIP"
"SERVIDOR.ZIP","06/07/2024 13:46:09","N/A","VPN","06/07/2024 13:46:11","WILSON WEBER","Nao confirmado","","","Ajustado para ser retro-compativel com transações TEF que ficaram nas contingencias com versões antigas. review-4 | Removido Mensagem de rastreio do DownLoad | Roboxml.exe havia subido com compilacao errada. ajustado | Versão do site em 06/07/2024 13hrs.","Portal Gerencial Weber - historico beta SERVIDOR.ZIP"
"SERVIDOR.ZIP","06/07/2024 10:16:20","N/A","VPN","06/07/2024 10:16:21","WILSON WEBER","Nao confirmado","","","Ajustado para ser retro-compativel com transações TEF que ficaram nas contingencias com versões antigas. review-3 | Removido Mensagem de rastreio. | Versão do site em 06.07.2024","Portal Gerencial Weber - historico beta SERVIDOR.ZIP"
"SERVIDOR.ZIP","05/07/2024 15:54:55","N/A","VPN","05/07/2024 15:54:57","WILSON WEBER","Nao confirmado","","","Ajustado para ser retro-compativel com transações TEF que ficaram nas contingencias com versões antigas. review-2 | Versão do site em 05.07.2024","Portal Gerencial Weber - historico beta SERVIDOR.ZIP"
"SERVIDOR.ZIP","05/07/2024 15:02:23","N/A","VPN","05/07/2024 15:02:25","WILSON WEBER","Nao confirmado","","","Ajustado para ser retro-compativel com transacoes TEF que ficaram nas contingencias com versoes antigas. review-1","Portal Gerencial Weber - historico beta SERVIDOR.ZIP"
"SERVIDOR.ZIP","05/07/2024 14:49:32","N/A","VPN","05/07/2024 14:49:33","WILSON WEBER","Nao confirmado","","","Ajustado para ser retro-compativel com transacoes TEF que ficaram nas contingencias com versoes antigas","Portal Gerencial Weber - historico beta SERVIDOR.ZIP"
"SERVIDOR.ZIP","02/07/2024 17:25:08","N/A","VPN","02/07/2024 17:25:10","WILSON WEBER","Nao confirmado","","","Recompilado ref. a questao da recarga de celular.  DtHr compilacao 02/07/2024 17:16:03. | Versão disponível no site em 02.07.2024.","Portal Gerencial Weber - historico beta SERVIDOR.ZIP"
"SERVIDOR.ZIP","02/07/2024 12:23:55","N/A","VPN","02/07/2024 12:23:57","WILSON WEBER","Nao confirmado","","","Correcoes no UPD97 e UPD110 | Ajustado recarga de celular | Versão disponível no site em 02.07.2024.","Portal Gerencial Weber - historico beta SERVIDOR.ZIP"
"SERVIDOR.ZIP","02/07/2024 10:56:25","N/A","VPN","02/07/2024 10:56:27","WILSON WEBER","Nao confirmado","","","Ajustado UPD93  e UPD94 | Tratado DialTef qdo vier em branco | Versão disponível no site em 02.07.2024.","Portal Gerencial Weber - historico beta SERVIDOR.ZIP"
"SERVIDOR.ZIP","27/06/2024 13:49:54","N/A","VPN","27/06/2024 13:49:56","WILSON WEBER","Nao confirmado","","","Ajustado Bug, não estava gravando o CSTAT. | Versão disponível no site em 01.07.2024","Portal Gerencial Weber - historico beta SERVIDOR.ZIP"
"SERVIDOR.ZIP","25/06/2024 17:51:52","N/A","VPN","25/06/2024 17:51:53","WILSON WEBER","Nao confirmado","","","Feito validacao para nao ler a tag COMPILACAO_DTHR  do TXT do Cupom para ser compativel com versao antiga do PDV","Portal Gerencial Weber - historico beta SERVIDOR.ZIP"
"SERVIDOR.ZIP","25/06/2024 17:23:31","N/A","VPN","25/06/2024 17:23:38","WILSON WEBER","Nao confirmado","","","Ajustado sw upd para derrubar todas as conexoes","Portal Gerencial Weber - historico beta SERVIDOR.ZIP"
"SERVIDOR.ZIP","24/06/2024 18:18:45","N/A","VPN","24/06/2024 18:18:47","WILSON WEBER","Nao confirmado","","","Segundo David a Cielo não informa a NSU_REDE. | Então no lugar da NSU_REDE foi adotado o Numero da AUTORIZACAO como comparação para ver se tem algum valor na tag, deve gravar no PDV_MAPA_TEF.","Portal Gerencial Weber - historico beta SERVIDOR.ZIP"
"SERVIDOR.ZIP","24/06/2024 17:41:17","N/A","VPN","24/06/2024 17:41:19","WILSON WEBER","Nao confirmado","","","Não ta gravando as transações TEF no PDV_MAPA_TEF quando Destaxa. | Servidor se baseava se era pra gravar ou nao pela tag PAGO_TEF_NSU_REDE1=    do TXT.  Esta tag tinha que ter Valor. | Agora foi incluído uma segurança pra validar se tem algum valor nas seguintes Tags. | PAGO_TEF_AUTORIZACAO1= | PAGO_TEF_TIPO_CARTAO1= | PAGO_TEF_ADQUIRENTE1= | PAGO_TEF_BANDEIRA1= | PAGO_TEF_NUM_CARTAO1=","Portal Gerencial Weber - historico beta SERVIDOR.ZIP"
"SERVIDOR.ZIP","21/06/2024 16:31:05","N/A","VPN","21/06/2024 16:31:06","WILSON WEBER","Nao confirmado","","","Vereficado BUG, Quando adquirente era BANRISUL a bandeira vinha em Branco no SITEF, agora assume a bandeira como Banrisul qdo ocorrer esta situacao","Portal Gerencial Weber - historico beta SERVIDOR.ZIP"
"SERVIDOR.ZIP","20/06/2024 15:09:43","N/A","VPN","20/06/2024 15:09:45","WILSON WEBER","Nao confirmado","","","Ajustado  upd_113.sql Pois havia um Bug no Script","Portal Gerencial Weber - historico beta SERVIDOR.ZIP"
"SERVIDOR.ZIP","18/06/2024 10:13:44","N/A","VPN","18/06/2024 10:13:46","WILSON WEBER","Nao confirmado","","","Ajustes no UPD_97 e UPD_118 | Na adquirente Banrisul Bandeira quando vier em branco assume o Banrisul como Bandeira","Portal Gerencial Weber - historico beta SERVIDOR.ZIP"
"SERVIDOR.ZIP","14/06/2024 14:04:15","N/A","VPN","14/06/2024 14:04:17","WILSON WEBER","Nao confirmado","","","Erro Total Difere ajustado.   Ao montar XML havia um erro na distribuicao do acrescimo/desconto nas tags do XML","Portal Gerencial Weber - historico beta SERVIDOR.ZIP"
"SERVIDOR.ZIP","10/06/2024 15:52:35","N/A","VPN","10/06/2024 15:52:37","WILSON WEBER","Nao confirmado","","","Agora esta gravando o campo PIS_NAT_REC  na tabela PDV_MAPAI","Portal Gerencial Weber - historico beta SERVIDOR.ZIP"
"SERVIDOR.ZIP","06/06/2024 17:55:06","N/A","VPN","06/06/2024 17:55:08","WILSON WEBER","Nao confirmado","","","Corrigido erro erro na justificativa ao montar xml. Pois isto acontecia sempre que pdv enviava direto pro serverNFE a vaneda. Em contingencia nao ocorria","Portal Gerencial Weber - historico beta SERVIDOR.ZIP"
"SERVIDOR.ZIP","06/06/2024 11:26:45","N/A","VPN","06/06/2024 11:26:46","WILSON WEBER","Nao confirmado","","","Ajustado no F7 Recebimentos do PDV para nao considerar lançamentos de Boleto no Saldo do Cliente.","Portal Gerencial Weber - historico beta SERVIDOR.ZIP"
"SERVIDOR.ZIP","31/05/2024 15:44:58","N/A","VPN","31/05/2024 15:45:00","WILSON WEBER","Nao confirmado","","","Reajustado a validacao das contingencias cStat204 e cStat539. Melhorada as mensagens","Portal Gerencial Weber - historico beta SERVIDOR.ZIP"
"SERVIDOR.ZIP","28/05/2024 16:54:50","N/A","VPN","28/05/2024 16:54:53","FRANCISCO SCHWARZ MORAES","Nao confirmado","","","- Criado validação para permitir importar pedidos no Ctrl + H(PDV) quando o mesmo movimentou estoque e o PDV esta configurado no ServerNFe para não movimentar estoque","Portal Gerencial Weber - historico beta SERVIDOR.ZIP"
"SERVIDOR.ZIP","28/05/2024 09:03:27","N/A","VPN","28/05/2024 09:03:29","FRANCISCO SCHWARZ MORAES","Nao confirmado","","","Adicionado UPD_117 para criar Flag na configuracao Danfe. Para gerar ou nao a observacao do Credito Icms quando do Simples","Portal Gerencial Weber - historico beta SERVIDOR.ZIP"
"SERVIDOR.ZIP																			Inativa","24/05/2024 22:12:19","N/A","VPN","24/05/2024 22:12:21","WILSON WEBER","Nao confirmado","","","Adicionado UPD_117 para criar Flag na configuracao Danfe. Para gerar ou nao a observacao do Credito Icms quando do Simples","Portal Gerencial Weber - historico beta SERVIDOR.ZIP																			Inativa"
"SERVIDOR.ZIP","21/05/2024 21:17:17","N/A","VPN","21/05/2024 21:17:19","WILSON WEBER","Nao confirmado","","","* Ajustado Bug quando recarga celular em contingencia nao processava | *Ajustado Bug no SERVERNFE.EXE no form contingencia, seta tentativas = 0 nao estava funcionando","Portal Gerencial Weber - historico beta SERVIDOR.ZIP"
"SERVIDOR.ZIP","20/05/2024 15:17:45","N/A","VPN","20/05/2024 15:17:46","FRANCISCO SCHWARZ MORAES","Nao confirmado","","","Tratativa na contingência com rejeição 204 – Duplicidade de NF-e.","Portal Gerencial Weber - historico beta SERVIDOR.ZIP"
"SERVIDOR.ZIP","20/05/2024 08:09:59","N/A","VPN","20/05/2024 08:10:01","FRANCISCO SCHWARZ MORAES","Nao confirmado","","","Ajustado erro nas contingêncas do tipo recarga de celular que não gravavam no PDV_MAPA_TEF.","Portal Gerencial Weber - historico beta SERVIDOR.ZIP"
"SERVIDOR.ZIP","02/05/2024 13:56:07","N/A","VPN","02/05/2024 13:56:09","FRANCISCO SCHWARZ MORAES","Nao confirmado","","","- Incluido no UPD 116 a criação da coluna OBS_ITEM em NF_NOTA2 caso não exista, caso ocorria em alguns clientes","Portal Gerencial Weber - historico beta SERVIDOR.ZIP"
"SERVIDOR.ZIP","02/05/2024 08:35:37","N/A","VPN","02/05/2024 08:35:39","FRANCISCO SCHWARZ MORAES","Nao confirmado","","","- Criado via UPD procedure APENASNUMEROS para via SQL ser possivel de deixar somente numeros em colunas como CPF/CNPJ, etc. | - Criado via UPD tabela CR_NOTA_TEFS para salvar a relação das transações TEF que geraram o CR_NOTA(Previsão de recebimento)","Portal Gerencial Weber - historico beta SERVIDOR.ZIP"
"SERVIDOR.ZIP","29/04/2024 15:19:18","N/A","VPN","29/04/2024 15:19:20","FRANCISCO SCHWARZ MORAES","Nao confirmado","","","Removido mensagem de ambiente de homologação a cada envio, colocado no campo de texto de log para evitar ter que ficar dando enter ao enviar contingências","Portal Gerencial Weber - historico beta SERVIDOR.ZIP"
"SERVIDOR.ZIP","25/04/2024 18:18:09","N/A","VPN","25/04/2024 18:18:11","FRANCISCO SCHWARZ MORAES","Nao confirmado","","","- Incluído UPD para desativar os encartes cadastrados em versões anteriores a este ServerNFe/Menu | - Incluído UPD para remover os encartes cadastrados no Scantech.exe antigo, o novo deverá ser executado e cadastrará respeitando as novas colunas do banco de dados | - Incluído trigger LOJA_BUD0 para garantir que se a loja for alterado código, cnpj deverá reenviar os itens para Imendes no novo CNPJ, assim como zerar os indicadores de primeiro envio, primeiro ajuste, etc | - Corrigido criação das triggers PDV_REGRA1 e PDV_REGRA3 no SW Estoque","Portal Gerencial Weber - historico beta SERVIDOR.ZIP"
"SERVIDOR.ZIP","24/04/2024 10:21:00","N/A","VPN","24/04/2024 10:21:02","FRANCISCO SCHWARZ MORAES","Nao confirmado","","","- Correção na consulta do saldo do convênio, que antes considerava notas emitidas para o código do cliente | - Ajustado para gravar no PDV_MAPAF no FIN_CPF_CNPJ quando for Cliente Aberto no PDV","Portal Gerencial Weber - historico beta SERVIDOR.ZIP"
"SERVIDOR.ZIP","22/04/2024 14:07:32","N/A","VPN","22/04/2024 11:07:34","FRANCISCO SCHWARZ MORAES","Nao confirmado","","","- Correção no UPD 97, se nao tiver a coluna CUMULATIVA no PDV_ENCARTE irá criar pois o UPD 98 necessita.","Portal Gerencial Weber - historico beta SERVIDOR.ZIP"
"SERVIDOR.ZIP","19/04/2024 13:57:43","N/A","VPN","19/04/2024 13:57:45","FRANCISCO SCHWARZ MORAES","Nao confirmado","","","- Update novo para uso do financeiro, na alteração realizada no uso parcial dos adiantamentos, alterado tabela CR_ADIANTAMENTOS e CP_ADIANTAMENTOS e criado triggers CP_ADIANTAMENTOS_BUIVV e CR_ADIANTAMENTOS_BUIVV | - Update novo para ajuste na tabela LOG_ACAO_GERAL, que ocasionava erro de PK, alterado ID_REG(int) para UUID_LOG(varchar) | - Update novo para ajuste na tabela ARQ_GRID prevendo poder salvar mais de um layout de grid no futuro (Será usado para salvar grids do Syncfusion )","Portal Gerencial Weber - historico beta SERVIDOR.ZIP"
"SERVIDOR.ZIP","15/04/2024 10:57:58","N/A","VPN","15/04/2024 10:58:00","WILSON WEBER","Nao confirmado","","","Agora ao montar o XML, se encontrar um nome de bandeira novo, que não esta prevista na lista coloca como outros no XML, estava gerando contingência.","Portal Gerencial Weber - historico beta SERVIDOR.ZIP"
"SERVIDOR.ZIP","12/04/2024 17:25:35","N/A","VPN","12/04/2024 17:25:36","WILSON WEBER","Nao confirmado","","","Criado campo no mapaf   FIN_INDPRES, que irá salvar se a venda foi presencial ou entrega a domicilio, o valor do indPres do XML.","Portal Gerencial Weber - historico beta SERVIDOR.ZIP"
"SERVIDOR.ZIP","12/04/2024 15:18:47","N/A","VPN","12/04/2024 15:18:48","WILSON WEBER","Nao confirmado","","","* Incluido UPD com tabela para registrar justificativas de orçamentos extrapolados no Gestão Financeira | * no sw.exe upd ajustado a remocao das tabelas do fecha-mes. agora esta removendo","Portal Gerencial Weber - historico beta SERVIDOR.ZIP"
"SERVIDOR.ZIP","11/04/2024 08:59:58","N/A","VPN","11/04/2024 09:00:00","FRANCISCO SCHWARZ MORAES","Nao confirmado","","","Correção no UPD 94 e 98, que ocasionavam erros em atualizações antigas nas tabelas LOG_ALTERACAO e BOLETO2.","Portal Gerencial Weber - historico beta SERVIDOR.ZIP"
"SERVIDOR.ZIP","09/04/2024 08:59:44","N/A","VPN","09/04/2024 08:59:46","FRANCISCO SCHWARZ MORAES","Nao confirmado","","","Correção de bandeiras que geravam contingências no Weber TEF. | Novos updates com as tabelas do novo compras. | Novos updates com tabelas e campos novos do Gestão Financeira. | Novos updates com os campos necessários para a homologação da promoção Bin(Cartão de Crédito) do Scanntech. | Update com recriação da trigger PDV_REGRA3 | Update com correção do bug que não salvava o desdobramento financeiro nas tabelas PDV_MAPAFC e PDV_MAPACR | Update com criação de novos campos na tabela PDV_MAPA_TEF visando salvar o maior número de informações possíveis das transações TEF. | Update com criação da coluna STATUS na tabela LOJA, prevendo poder inativar lojas no BD. | Update com remoção das tabelas não mais utilizadas: PDV_MAPASITEF, PDV_MAPATEF, PDV_MAPACR2. | Updates com criação das colunas e tabelas necessárias para homologação do projeto Cresce Vendas ( CRESCEVENDAS_FORMASPGTO ,  PDV_MAPAF.COD_FINALIZADORA, LOJA.HAB_CRESCEVENDAS, PDV_PRN2.COD_FORMA_CRESCEVENDAS, etc ) | Update com criação da tabela (PDV_MAPA_DESCACRES) que armazenará os descontos e acréscimos aplicados nos produtos das vendas (PDV_MAPAF + PDV_MAPAI) por origem (Scanntech, Cresce Vendas, Bebida Gelada, etc ), ainda não está gravando.","Portal Gerencial Weber - historico beta SERVIDOR.ZIP"
"SERVIDOR.ZIP","28/03/2024 16:41:22","N/A","VPN","28/03/2024 16:41:24","FRANCISCO SCHWARZ MORAES","Nao confirmado","","","Correção no erro que gerava contingência quando a forma de pagamento era Dinheiro.","Portal Gerencial Weber - historico beta SERVIDOR.ZIP"
"SERVIDOR.ZIP","28/03/2024 10:24:37","N/A","VPN","28/03/2024 10:24:38","FRANCISCO SCHWARZ MORAES","Nao confirmado","","","Versão do beta em 28/03/2024.","Portal Gerencial Weber - historico beta SERVIDOR.ZIP"
"SERVIDOR.ZIP","28/03/2024 09:11:33","N/A","VPN","28/03/2024 09:11:35","FRANCISCO SCHWARZ MORAES","Nao confirmado","","","Versao que estava no site dia 28/03/2024.","Portal Gerencial Weber - historico beta SERVIDOR.ZIP"
"WGLCTONOTA.ZIP","11/09/2026 15:06:13","227","ESTACAO","11/09/2026 15:05:50","FRANCISCO SCHWARZ MORAES","Nao confirmado","","","Ajustado botão de cadastro de produtos na tela de associação de código do fornecedor","Portal Gerencial Weber - historico beta WGLCTONOTA.ZIP"
"WGLCTONOTA.ZIP","04/09/2026 16:11:10","227","ESTACAO","04/09/2026 16:10:52","FRANCISCO SCHWARZ MORAES","Nao confirmado","","","Desativado obrigatoriamente a loja a ter estoque novo para usar o módulo de controle de entradas","Portal Gerencial Weber - historico beta WGLCTONOTA.ZIP"
"WGLCTONOTA.ZIP","03/09/2026 18:03:14","227","ESTACAO","03/09/2026 18:02:59","FRANCISCO SCHWARZ MORAES","Producao confirmada","03/09/2026 18:05:18","FRANCISCO SCHWARZ MORAES","Recompilado por conta de alteração no utilitários para não gravar mais LOG_FORM","Portal Gerencial Weber - historico beta WGLCTONOTA.ZIP"
"WGLCTONOTA.ZIP","26/08/2026 10:04:39","227","ESTACAO","26/08/2026 10:04:29","FRANCISCO SCHWARZ MORAES","Nao confirmado","","","Recompilado devido a desativação da gravação de log em LOG_FORM.","Portal Gerencial Weber - historico beta WGLCTONOTA.ZIP"
"WGLCTONOTA.ZIP","25/08/2026 15:53:30","227","ESTACAO","25/08/2026 15:53:18","FRANCISCO SCHWARZ MORAES","Nao confirmado","","","Ajuste na validação do ICMs na auditoria do item da entrada de notas","Portal Gerencial Weber - historico beta WGLCTONOTA.ZIP"
"WGLCTONOTA.ZIP","19/08/2026 15:55:18","227","ESTACAO","19/08/2026 15:55:08","FRANCISCO SCHWARZ MORAES","Nao confirmado","","","A revisão da entrada assistida agora mostra PIS e COFINS calculados pelas regras de entrada.","Portal Gerencial Weber - historico beta WGLCTONOTA.ZIP"
"WGLCTONOTA.ZIP","18/08/2026 15:24:29","227","ESTACAO","18/08/2026 15:24:20","FRANCISCO SCHWARZ MORAES","Nao confirmado","","","Ajuste em NF-es referenciadas no CT-e: | - Grade de NF-e agora exibe valor total, fornecedor e data/hora de lançamento. | - Adicionado “Ver NF-e” ao lado de “Ignorar justificadamente”. | ---------------- | Ajuste em grade “Memória do rateio” no CT-e: | - Agrupa fixamente por versão, sem permitir remover o agrupamento. | - Ordena versões da mais recente para a mais antiga. | - Expande somente a versão mais recente ao carregar. | - Mostra, no rodapé de cada versão, os totais de frete bruto, crédito e frete custo. | ------------- | Ajuste no botão Cancelar CT-e: | -Tooltip no botão “Cancelar CT-e” explicando que o cancelamento é interno, estorna o rateio e altera o status, sem cancelar na SEFAZ. | -Confirmação reforçada com as mesmas informações e a pergunta “Deseja continuar com essas informações?”.","Portal Gerencial Weber - historico beta WGLCTONOTA.ZIP"
"WGLCTONOTA.ZIP","18/08/2026 15:18:15","227","ESTACAO","18/08/2026 15:18:06","FRANCISCO SCHWARZ MORAES","Nao confirmado","","","Ajuste em NF-es referenciadas no CT-e: | - Grade de NF-e agora exibe valor total, fornecedor e data/hora de lançamento. | - Adicionado “Ver NF-e” ao lado de “Ignorar justificadamente”. | ---------------- | Ajuste em grade “Memória do rateio” no CT-e: | - Agrupa fixamente por versão, sem permitir remover o agrupamento. | - Ordena versões da mais recente para a mais antiga. | - Expande somente a versão mais recente ao carregar. | - Mostra, no rodapé de cada versão, os totais de frete bruto, crédito e frete custo.","Portal Gerencial Weber - historico beta WGLCTONOTA.ZIP"
"WGLCTONOTA.ZIP","12/08/2026 17:05:58","225","ESTACAO","12/08/2026 17:05:54","FRANCISCO SCHWARZ MORAES","Nao confirmado","","","-Liberado filtros de Status NF e Tipo/Condição | -Melhorar mensagem de cadastro de Usuario Master ( Especifica o caminho de onde configurar caso não tenha configurado ainda )","Portal Gerencial Weber - historico beta WGLCTONOTA.ZIP"
"WGLCTONOTA.ZIP","12/08/2026 15:05:27","225","ESTACAO","12/08/2026 15:05:24","FRANCISCO SCHWARZ MORAES","Nao confirmado","","","- Incluído lançamento, importação e leitura de XML de CT-e modelo 57. | - Implementado vínculo e rateio de CT-e nos itens das NF-es. | - Adicionados frete bruto e crédito tributário do CT-e nos itens de entrada. | - Atualização automática de custos do rateio CT-e e tabelas de preços conforme configurações e produtos associados. | - Auditoria da entrada agora exibe Frete CT-e e Crédito CT-e. | - Fórmulas de Compra e Custo Final disponíveis por tooltip na auditoria, centralizadas com o cálculo para evitar divergências futuras. | - Entrada manual: validação de UF para aceitar somente estados brasileiros válidos. | - Entrada manual: validação de CFOP por origem, bloqueando a inclusão de itens com primeiro dígito diferente na mesma nota. | - Entrada manual: CST/CSOSN filtrado e validado pelo regime tributário do fornecedor, conforme enum próprio do fluxo manual.","Portal Gerencial Weber - historico beta WGLCTONOTA.ZIP"
"WGLCTONOTA.ZIP","06/08/2026 14:09:50","220","ESTACAO","06/08/2026 14:09:49","FRANCISCO SCHWARZ MORAES","Nao confirmado","","","Adicionado opção ""Logs - Auditoria"" no Dashboard. | - Esta opção é controlada pela permissão ""Consultar logs de auditoria""","Portal Gerencial Weber - historico beta WGLCTONOTA.ZIP"
"WGLCTONOTA.ZIP","06/08/2026 13:13:08","220","ESTACAO","06/08/2026 13:13:08","FRANCISCO SCHWARZ MORAES","Nao confirmado","","","Bloqueado edição do local e a variação de estoque na auditoria do item.","Portal Gerencial Weber - historico beta WGLCTONOTA.ZIP"
"WGLCTONOTA.ZIP","06/08/2026 11:02:53","220","ESTACAO","06/08/2026 11:02:53","FRANCISCO SCHWARZ MORAES","Nao confirmado","","","Adicionado validação da configuração de plano financeiro sugerido ao abrir o módulo, mas mantem validação antes da gravação da entrada.","Portal Gerencial Weber - historico beta WGLCTONOTA.ZIP"
"WGLCTONOTA.ZIP","06/08/2026 10:34:14","220","ESTACAO","06/08/2026 10:34:15","FRANCISCO SCHWARZ MORAES","Nao confirmado","","","Ajustado posição das colunas da etapa de conversão CFOP e CST","Portal Gerencial Weber - historico beta WGLCTONOTA.ZIP"
"WGLCTONOTA.ZIP","06/08/2026 10:15:40","220","ESTACAO","06/08/2026 10:15:39","FRANCISCO SCHWARZ MORAES","Nao confirmado","","","- Ajustado responsividade do Dashboard","Portal Gerencial Weber - historico beta WGLCTONOTA.ZIP"
"WGLCTONOTA.ZIP","05/08/2026 16:55:37","220","ESTACAO","05/08/2026 16:55:38","FRANCISCO SCHWARZ MORAES","Nao confirmado","","","- Corrigida a conversão da quantidade do item na tela de lotes da Entrada Assistida. | - Lotes importados do XML agora exibem a quantidade já convertida pelo fator da associação. | - Exemplo: `0,100 MIL × 50` passa a exibir `5,000` unidades. | - Validação de quantidade inteira dos lotes passa a considerar o valor convertido.","Portal Gerencial Weber - historico beta WGLCTONOTA.ZIP"
"WGLCTONOTA.ZIP","05/08/2026 13:20:45","220","ESTACAO","05/08/2026 13:20:47","FRANCISCO SCHWARZ MORAES","Nao confirmado","","","Corrigido Dashboard: As duas roscas agora reduzem automaticamente o raio interno conforme a área útil do gráfico; em 1366×768 elas permanecem inteiras, sem invadir a grade","Portal Gerencial Weber - historico beta WGLCTONOTA.ZIP"
"WGLCTONOTA.ZIP","05/08/2026 10:34:57","220","ESTACAO","05/08/2026 10:34:57","FRANCISCO SCHWARZ MORAES","Nao confirmado","","","Ajustado coluna Conv. CFOP da etapa de CFOP/CST da entrada manual, mas segue a situação auto-size.","Portal Gerencial Weber - historico beta WGLCTONOTA.ZIP"
"WGLCTONOTA.ZIP","05/08/2026 09:23:52","220","ESTACAO","05/08/2026 09:23:52","FRANCISCO SCHWARZ MORAES","Nao confirmado","","","Ajuste overflow na serie da NF na entrada manual.","Portal Gerencial Weber - historico beta WGLCTONOTA.ZIP"
"WGLCTONOTA.ZIP","04/08/2026 17:14:14","220","ESTACAO","04/08/2026 17:14:17","FRANCISCO SCHWARZ MORAES","Nao confirmado","","","---- | Adicionada validação de configuração financeira ao abrir o Controle de Entradas. | Regra central de gravação preservada. | ---- | Raking de produtos comprados: | Corrigida a ordenação do Ranking por valor numérico. | Corrigida a ordenação do Código do Produto. | Corrigida a ordenação cronológica de Última Compra. | ---- | Analise: Variação de preço de compra | Corrigida a ordenação numérica da coluna Produto. | Corrigida a ordenação cronológica de Data de Entrada e Data Anterior. | ---- | Corrigido layout do valor total do item no lançamento manual. | Grades da revisão com redimensionamento de colunas habilitado. | ----","Portal Gerencial Weber - historico beta WGLCTONOTA.ZIP"
"WGLCTONOTA.ZIP","04/08/2026 11:04:45","220","ESTACAO","04/08/2026 11:04:26","FRANCISCO SCHWARZ MORAES","Nao confirmado","","","## Entrada de Notas — Configuração Financeira | - Incluída configuração de meio de pagamento e espécie de documento por fornecedor, com prevalência sobre a configuração da loja. | - Permite selecionar ou alterar essas configurações na etapa de faturas das entradas manual e assistida; a seleção da fatura prevalece sobre as configurações padrão. | - Atualizadas as validações e mensagens para orientar a configuração por fornecedor ou loja. | - Na entrada manual, ao alterar o fornecedor, produtos, faturas e configurações financeiras carregadas são limpos.","Portal Gerencial Weber - historico beta WGLCTONOTA.ZIP"
"WGLCTONOTA.ZIP","03/08/2026 15:57:26","220","ESTACAO","03/08/2026 15:57:08","FRANCISCO SCHWARZ MORAES","Nao confirmado","","","A sugestão de CFOP da entrada manual foi ajustada: | UF do fornecedor igual à UF da loja: 5102 | UF diferente: 6102 | ----- | Ajustado para todos os pontos onde seja possível preencher manualmente o campo Documento da fatura limitar a 30 caracteres, tamanho do banco de dados, evitando Overflow. | ----- | Ajustado ordenação da revisão de faturas na entrada assistida e manual. | ---- | Melhorada a busca e associação de produtos:GTIN correspondente não força mais 100% de similaridade. | Descrição passou a representar 98% da similaridade. | UNM e NCM acrescentam 1% cada quando compatíveis. | Divergências de UNM/NCM continuam reduzindo a pontuação. | Incluídos alertas para divergências de descrição, peso/apresentação, unidade, NCM e fornecedor. | Adicionado ícone de sucesso na coluna Critério quando o GTIN corresponde. | ----- | Redesenhada a tela de associação de produtos para resolução mínima de 1000×600 px, com melhor distribuição dos dados e da grade. | ----- | Implementado o bloqueio de valores negativos. | Entrada Manual: frete, seguro, despesas e desconto são rejeitados ao incluir o item; a regra também foi reforçada no cálculo e na validação final. | Auditoria: incluídas validações para custo de compra e todos os campos de ICMS ST. | Salvamento central: valida todas as propriedades decimais dos itens antes de persistir, cobrindo campos preenchidos indiretamente. | ----- | CFOP e CST agora são validados contra os registros ativos de TAB_CFOP e TAB_CST na entrada manual, tanto ao adicionar o item quanto antes de gravar a nota. | Incluídos botões F4 e atalho F4 para pesquisar CFOP e CST na entrada manual. | O CST digitado passou a ser preservado; não é mais substituído silenciosamente pelo CST do produto na entrada manual. | ---- | Analise > Variações preço compra: | Ajustado: o botão agora abre o cadastro com o código do produto da linha selecionada. Sem seleção, exibe um aviso e não abre o cadastro vazio.","Portal Gerencial Weber - historico beta WGLCTONOTA.ZIP"
"WGLCTONOTA.ZIP","31/07/2026 17:24:22","220","ESTACAO","31/07/2026 17:24:07","FRANCISCO SCHWARZ MORAES","Nao confirmado","","","- Adicionado na etapa inicial da entrada automatica/assistida/manual para selecionar se estoque Entra/Sai/Não Movimenta","Portal Gerencial Weber - historico beta WGLCTONOTA.ZIP"
"WGLCTONOTA.ZIP","31/07/2026 16:01:17","220","ESTACAO","31/07/2026 16:01:02","FRANCISCO SCHWARZ MORAES","Nao confirmado","","","Entrada de notas - desmontagem automática de produtos | - As entradas manual, assistida e automática passam a processar a desmontagem de cada item da nota por meio da `wgestoque.dll`. | - Se qualquer item retornar falha, a mensagem detalhada da DLL é apresentada ao usuário e toda a entrada é desfeita, incluindo cabeçalho, itens, financeiro, lotes, ordens de produção e movimentações de estoque realizadas na transação. | - Função pode ser ignorada através de configuração em Parametrização do módulo. | Auditoria de entrada - consulta da ordem de produção | - Na guia **Itens**, a ação **Consultar ordem de produção** é exibida somente quando o item selecionado possui `COD_OP` vinculado. | - A consulta abre diretamente a ordem correspondente na tela da `wgestoque.dll`, em modo de leitura.","Portal Gerencial Weber - historico beta WGLCTONOTA.ZIP"
"WGLCTONOTA.ZIP","31/07/2026 09:50:57","220","ESTACAO","31/07/2026 09:50:43","FRANCISCO SCHWARZ MORAES","Nao confirmado","","","- Implementado recurso para testes, para trocar usuário logado em Configurações > Trocar Usuário ( Disponível somente para usuário do suporte ) | - Implementado formulário para exibir avisos, antes quando tinha muita inconsistência na audição das notas o messagebox cortava.","Portal Gerencial Weber - historico beta WGLCTONOTA.ZIP"
"WGLCTONOTA.ZIP","30/07/2026 16:55:33","220","ESTACAO","30/07/2026 16:55:18","FRANCISCO SCHWARZ MORAES","Nao confirmado","","","### Novas configurações de entrada de notas | - Adicionada a configuração `ATUALIZA_CUSTO_PRODUTO`. | - Adicionada a configuração `ATUALIZA_CUSTO_PRODUTOS_ASSOCIADOS`. | - Ambas aceitam os valores `S` ou `N`. | - O formulário de parametrização passou a exibir e salvar as novas opções. | - O formulário agora possui rolagem vertical para suportar novas configurações. | ### Atualização automática de custos | - Quando habilitada, a entrada atualiza o `EPCUSTO` em `EST_PRECOS`. | - O custo utilizado é o valor persistido em `EST_MVTOITEM.CUSTO`. | - A atualização respeita a `ID_LOJA` da entrada. | - O `EPMARKUP` é recalculado com base no `EPVENDA`. | - Produtos associados são identificados por `EST_PRODUTOS.COD_PRECO`. | ### Validações | - Entradas manuais, automáticas e assistidas são bloqueadas quando as duas novas configurações ainda não foram salvas. | - O valor `N` é considerado uma configuração válida; somente a ausência ou valor inválido bloqueia a entrada. | - A validação ocorre no fluxo central de gravação da entrada, antes de qualquer inclusão no banco.","Portal Gerencial Weber - historico beta WGLCTONOTA.ZIP"
"WGLCTONOTA.ZIP","30/07/2026 15:29:23","220","ESTACAO","30/07/2026 15:29:08","FRANCISCO SCHWARZ MORAES","Nao confirmado","","","- Ajuste nos calculos de tributos na validação da auditoria","Portal Gerencial Weber - historico beta WGLCTONOTA.ZIP"
"WGLCTONOTA.ZIP","30/07/2026 11:57:24","220","ESTACAO","30/07/2026 11:57:08","FRANCISCO SCHWARZ MORAES","Nao confirmado","","","### Entrada assistida - faturas ausentes no XML | - Ao chegar à etapa de faturas sem duplicatas no XML, o sistema pergunta se o usuário deseja incluí-las manualmente. | - Ao confirmar, permite adicionar e remover faturas com as mesmas regras do lançamento manual: número obrigatório, vencimento obrigatório, valor maior que zero e soma das faturas igual ao total da nota. | - As faturas informadas são incluídas no resultado da entrada assistida e seguem a mesma configuração e gravação financeira das faturas obtidas do XML. | - Ao recusar a inclusão manual, permanece o fluxo existente para notas sem faturas. | ### Vencimento obrigatório para faturas manuais | - O campo de vencimento passa a iniciar em branco na entrada assistida e no lançamento manual. | - A fatura só pode ser adicionada após o vencimento ser informado; o campo é limpo novamente após cada inclusão. | - O modelo de fatura manual passou a aceitar vencimento não informado durante a edição, e a validação final impede a gravação de faturas sem vencimento.","Portal Gerencial Weber - historico beta WGLCTONOTA.ZIP"
"WGLCTONOTA.ZIP","30/07/2026 10:51:52","220","ESTACAO","30/07/2026 10:51:37","FRANCISCO SCHWARZ MORAES","Nao confirmado","","","Alterado termo ""Código interno"" para ""Código Produto"" no label e mensagens da associação, removendo possível associação do cliente ao fato de ter que ser somente códigos internos. | Ajustado validação de deixar salvar somente se o produto existir no cadastro de produtos.","Portal Gerencial Weber - historico beta WGLCTONOTA.ZIP"
"WGLCTONOTA.ZIP","30/07/2026 10:08:18","220","ESTACAO","30/07/2026 10:08:02","FRANCISCO SCHWARZ MORAES","Nao confirmado","","","Adicionado botão redundante de buscar na sidebar da busca de notas lançadas e pendentes de lançamento.","Portal Gerencial Weber - historico beta WGLCTONOTA.ZIP"
"WGLCTONOTA.ZIP","30/07/2026 09:54:10","220","ESTACAO","30/07/2026 09:53:55","FRANCISCO SCHWARZ MORAES","Nao confirmado","","","**Ajuste nos helps de CFOP** | Os helps de CFOP passaram a exibir, por padrão, somente as opções pertinentes às combinações fiscais permitidas. A janela de seleção também inclui o checkbox **“Exibir todos”**, desmarcado inicialmente, para consultar a lista completa quando necessário. | O checkbox foi posicionado abaixo do campo de busca, mantendo a validação fiscal aplicada exclusivamente no salvamento da associação.","Portal Gerencial Weber - historico beta WGLCTONOTA.ZIP"
"WGLCTONOTA.ZIP","30/07/2026 09:01:49","220","ESTACAO","30/07/2026 09:01:33","FRANCISCO SCHWARZ MORAES","Nao confirmado","","","**Ajuste na configuração de CFOP** | Implementada validação fiscal nas associações de CFOP. O sistema não altera mais automaticamente o CFOP informado pelo usuário; a combinação permanece exatamente como digitada e é validada somente no momento do salvamento. | São aceitas as relações: | - CFOP de origem `5xxx` com destino `1xxx`; | - CFOP de origem `6xxx` com destino `2xxx`; | - CFOP de origem `7xxx` com destino `3xxx`. | Combinações divergentes são bloqueadas antes da gravação.","Portal Gerencial Weber - historico beta WGLCTONOTA.ZIP"
"WGLCTONOTA.ZIP","29/07/2026 09:55:30","220","ESTACAO","29/07/2026 09:55:15","FRANCISCO SCHWARZ MORAES","Nao confirmado","","","Ajustado a regra de negócio quanto a coluna USA_LOTES de [EST_PRODUTOS.sql] | Na verdade ela existe somente para indicar se o produto já tem lotes ou não, mas não para autorizar o uso. | Então revise todos pontos que usam ela, não precisa ter IF USA_LOTES = 'S', apenas ao gravar um lote, seja inserção ou update, deverá na mesma transação ir no produto em EST_PRODUTOS e colocar USA_LOTES = 'S'. | Caso a remoção da entrada de notas e lotes resulte na tabela [EST_LOTES_RASTRO.sql](wglctonota/Documentacao/TabelasBd/EST_LOTES_RASTRO.sql) ficar sem registro, ai deverá ir no EST_PRODUTOS e colocar USA_LOTES = 'N'","Portal Gerencial Weber - historico beta WGLCTONOTA.ZIP"
"WGLCTONOTA.ZIP","28/07/2026 15:32:12","220","ESTACAO","28/07/2026 15:31:59","FRANCISCO SCHWARZ MORAES","Nao confirmado","","","- Criado Configurações > Parametrização do sistema e permissão para permitir parametrizar.","Portal Gerencial Weber - historico beta WGLCTONOTA.ZIP"
"WGLCTONOTA.ZIP","24/07/2026 18:12:33","218","ESTACAO","24/07/2026 18:12:24","FRANCISCO SCHWARZ MORAES","Nao confirmado","","","Adicionado controle de permissão aos formulários de Analise. | Criado Analise/Associações produto x fornecedor","Portal Gerencial Weber - historico beta WGLCTONOTA.ZIP"
"WGLCTONOTA.ZIP","23/07/2026 11:42:04","218","ESTACAO","23/07/2026 11:41:53","FRANCISCO SCHWARZ MORAES","Nao confirmado","","","feat(auditoria): permitir cadastro manual de lotes sem rastro | - oferece cadastro manual ao consultar item sem lotes, quando o produto usa lotes","Portal Gerencial Weber - historico beta WGLCTONOTA.ZIP"
"WGLCTONOTA.ZIP","23/07/2026 10:01:43","218","ESTACAO","23/07/2026 10:01:33","FRANCISCO SCHWARZ MORAES","Nao confirmado","","","- Validação do CNPJ do XML vs loja logada","Portal Gerencial Weber - historico beta WGLCTONOTA.ZIP"
"WGLCTONOTA.ZIP","22/07/2026 16:38:56","218","ESTACAO","22/07/2026 16:38:45","FRANCISCO SCHWARZ MORAES","Nao confirmado","","","Adicionado recurso de informar/consultar os lotes das entradas","Portal Gerencial Weber - historico beta WGLCTONOTA.ZIP"
"WGLCTONOTA.ZIP","21/07/2026 10:59:36","218","ESTACAO","21/07/2026 10:59:25","FRANCISCO SCHWARZ MORAES","Nao confirmado","","","Ajustes gerais na UI","Portal Gerencial Weber - historico beta WGLCTONOTA.ZIP"
"WGLCTONOTA.ZIP","20/07/2026 15:29:30","218","ESTACAO","20/07/2026 15:29:20","FRANCISCO SCHWARZ MORAES","Nao confirmado","","","Ajustes UI + Alterado atalhos de help de F3 para F4 para não impactar no F4 das etapas da entrada","Portal Gerencial Weber - historico beta WGLCTONOTA.ZIP"
"WGLCTONOTA.ZIP","20/07/2026 13:51:39","218","ESTACAO","20/07/2026 13:51:29","FRANCISCO SCHWARZ MORAES","Nao confirmado","","","Ajustes na gravação de CBS/IBS com base reduzida","Portal Gerencial Weber - historico beta WGLCTONOTA.ZIP"
"WGLCTONOTA.ZIP","17/07/2026 18:02:32","218","ESTACAO","17/07/2026 18:02:24","FRANCISCO SCHWARZ MORAES","Nao confirmado","","","Ajustes gerais na UI","Portal Gerencial Weber - historico beta WGLCTONOTA.ZIP"
"WGLCTONOTA.ZIP","17/07/2026 17:51:51","218","ESTACAO","17/07/2026 17:51:44","FRANCISCO SCHWARZ MORAES","Nao confirmado","","","Ajustes gerais na UI","Portal Gerencial Weber - historico beta WGLCTONOTA.ZIP"
"WGLCTONOTA.ZIP","17/07/2026 13:24:29","218","ESTACAO","17/07/2026 13:24:21","FRANCISCO SCHWARZ MORAES","Nao confirmado","","","Criado as opções ""Analise"" no dashboard inicial, com recursos para analise das entradas realizadas","Portal Gerencial Weber - historico beta WGLCTONOTA.ZIP"
"WGLCTONOTA.ZIP","30/06/2026 09:35:35","218","ESTACAO","30/06/2026 09:35:08","FRANCISCO SCHWARZ MORAES","Nao confirmado","","","- Adicionado nova etapa na entrada assistida: Faturas, para revisar as faturas do XML | - Adicionado aba Relatórios com o inicial : Variação de preços | - Movimento a opção Permissões para dentro de configurações","Portal Gerencial Weber - historico beta WGLCTONOTA.ZIP"
"WGLCTONOTA.ZIP","29/06/2026 17:19:23","218","ESTACAO","29/06/2026 17:18:57","FRANCISCO SCHWARZ MORAES","Nao confirmado","","","- Adicionado aviso ao abrir o programa, caso nenhum usuário master esteja configurado | - Corrigido atualização do status da etapa ""Fornecedor"" na entrada assistida, antes quando não tinha fornecedor cadastrado e cadastrava ele não atualizava a cor de laranja para verde, agora atualiza corretamente.","Portal Gerencial Weber - historico beta WGLCTONOTA.ZIP"
"WGLCTONOTA.ZIP","29/06/2026 16:09:23","218","ESTACAO","29/06/2026 16:08:56","FRANCISCO SCHWARZ MORAES","Nao confirmado","","","- Adicionado permissão de usuário master | - Adicionado atalho para as configurações necessárias para funcionamento do módulo em Configurações | - Alterações na UI, padronizando os botões do rodapé | - Alteração na tela da entrada automática, fazendo poup-up mais intuitívo","Portal Gerencial Weber - historico beta WGLCTONOTA.ZIP"
"WGLCTONOTA.ZIP","25/06/2026 17:51:54","218","ESTACAO","25/06/2026 17:51:31","FRANCISCO SCHWARZ MORAES","Nao confirmado","","","Adicionado mascara na NCM ao cadastrar pela entrada de notas","Portal Gerencial Weber - historico beta WGLCTONOTA.ZIP"
"WGLCTONOTA.ZIP","25/06/2026 17:24:22","218","ESTACAO","25/06/2026 17:23:59","FRANCISCO SCHWARZ MORAES","Nao confirmado","","","Adicionado coluna Detalhes na associação de produtos na entrada assistida","Portal Gerencial Weber - historico beta WGLCTONOTA.ZIP"
"WGLCTONOTA.ZIP","25/06/2026 15:51:23","218","ESTACAO","25/06/2026 15:51:00","FRANCISCO SCHWARZ MORAES","Nao confirmado","","","Adicionado para na entrada assistida e entrada manual navegar com as teclas F3","Portal Gerencial Weber - historico beta WGLCTONOTA.ZIP"
"WGLCTONOTA.ZIP","25/06/2026 13:47:13","218","ESTACAO","25/06/2026 13:46:50","FRANCISCO SCHWARZ MORAES","Nao confirmado","","","Adicionado validação de unidade fracionada/inteira na associação de produtos","Portal Gerencial Weber - historico beta WGLCTONOTA.ZIP"
"WGLCTONOTA.ZIP","25/06/2026 11:43:30","218","ESTACAO","25/06/2026 11:43:07","FRANCISCO SCHWARZ MORAES","Nao confirmado","","","Ajustes gerais na UI da entrada assistida","Portal Gerencial Weber - historico beta WGLCTONOTA.ZIP"
"WGLCTONOTA.ZIP","24/06/2026 11:11:41","218","ESTACAO","24/06/2026 11:11:18","FRANCISCO SCHWARZ MORAES","Nao confirmado","","","Ajustes gerais na UI e implementado controle de permissões","Portal Gerencial Weber - historico beta WGLCTONOTA.ZIP"
"WGLCTONOTA.ZIP","24/06/2026 07:48:41","218","ESTACAO","24/06/2026 07:48:17","FRANCISCO SCHWARZ MORAES","Nao confirmado","","","Alinhamento das regras fiscais com Retaguarda","Portal Gerencial Weber - historico beta WGLCTONOTA.ZIP"
"WGLCTONOTA.ZIP","23/06/2026 18:11:25","218","ESTACAO","23/06/2026 18:11:02","FRANCISCO SCHWARZ MORAES","Nao confirmado","","","Ajustes na responsividade da UI + Regras fiscais na Auditoria","Portal Gerencial Weber - historico beta WGLCTONOTA.ZIP"
"WGLCTONOTA.ZIP","23/06/2026 17:19:48","218","ESTACAO","23/06/2026 17:19:25","FRANCISCO SCHWARZ MORAES","Nao confirmado","","","Primeira versão da nova entrada de notas","Portal Gerencial Weber - historico beta WGLCTONOTA.ZIP"
